--1
INSERT INTO Account (
    account_id, username, password, email, mobile_number, dateofbirth, gender,
    role, created_at, state, city, area, firstname, middlename, surname,
    referral_code, referred_by
) VALUES
(1, 'rahul22', 'Pass@1234', 'rahul.sharma22@example.com', '9876543210', '1995-05-12', 'Male', 3, '2025-04-13 00:29:09.405532', 'Maharashtra', 'Mumbai', 'Andheri West', 'Rahul', 'Kumar', 'Sharma', 'REF1001', NULL),
(2, 'ananya89', 'Secure@4321', 'ananya.patel89@example.com', '9988776655', '1998-11-23', 'Female', 2, '2025-04-13 00:29:09.405532', 'Gujarat', 'Ahmedabad', 'Navrangpura', 'Ananya', 'Rani', 'Patel', 'REF1002', 1),
(3, 'vikas01', 'Vikas@2023', 'vikas.verma01@example.com', '9123456789', '1990-07-30', 'Male', 5, '2025-04-13 00:29:09.405532', 'Delhi', 'New Delhi', 'Dwarka', 'Vikas', 'Kumar', 'Verma', 'REF1003', 2),
(4, 'priya56', 'Priya#5678', 'priya.singh56@example.com', '9234567890', '1997-03-14', 'Female', 1, '2025-04-13 00:29:09.405532', 'Uttar Pradesh', 'Lucknow', 'Hazratganj', 'Priya', 'Rani', 'Singh', 'REF1004', 3),
(5, 'arjun11', 'Arjun@5678', 'arjun.nair11@example.com', '9345678901', '1993-09-05', 'Male', 7, '2025-04-13 00:29:09.405532', 'Kerala', 'Kochi', 'Vyttila', 'Arjun', 'Kumar', 'Nair', 'REF1005', 1),
(6, 'meera88', 'Meera@789', 'meera.das88@example.com', '9456789012', '1996-06-21', 'Female', 4, '2025-04-13 00:29:09.405532', 'West Bengal', 'Kolkata', 'Salt Lake', 'Meera', 'Rani', 'Das', 'REF1006', 2),
(7, 'rajiv30', 'Rajiv#321', 'rajiv.rao30@example.com', '9567890123', '1989-01-17', 'Male', 6, '2025-04-13 00:29:09.405532', 'Karnataka', 'Bengaluru', 'Koramangala', 'Rajiv', 'Kumar', 'Rao', 'REF1007', 4),
(8, 'sneha12', 'Sneha$123', 'sneha.menon12@example.com', '9678901234', '1994-08-09', 'Female', 3, '2025-04-13 00:29:09.405532', 'Tamil Nadu', 'Chennai', 'T Nagar', 'Sneha', 'Rani', 'Menon', 'REF1008', 5),
(9, 'aman91', 'Aman@999', 'aman.jain91@example.com', '9789012345', '1992-12-25', 'Male', 2, '2025-04-13 00:29:09.405532', 'Rajasthan', 'Jaipur', 'Malviya Nagar', 'Aman', 'Kumar', 'Jain', 'REF1009', 6),
(10, 'kavya43', 'Kavya#101', 'kavya.sinha43@example.com', '9890123456', '1999-04-03', 'Female', 6, '2025-04-13 00:29:09.405532', 'Bihar', 'Patna', 'Kankarbagh', 'Kavya', 'Rani', 'Sinha', 'REF1010', 3),
(11, 'manoj15', 'Manoj@444', 'manoj.yadav15@example.com', '9812345678', '1991-07-11', 'Male', 5, '2025-04-13 00:29:09.405532', 'Madhya Pradesh', 'Bhopal', 'MP Nagar', 'Manoj', 'Kumar', 'Yadav', 'REF1011', 2),
(12, 'neha67', 'Neha$234', 'neha.bhatt67@example.com', '9823456789', '1997-02-19', 'Female', 7, '2025-04-13 00:29:09.405532', 'Uttarakhand', 'Dehradun', 'Rajpur Road', 'Neha', 'Rani', 'Bhatt', 'REF1012', 5),
(13, 'ravi78', 'Ravi@666', 'ravi.reddy78@example.com', '9834567890', '1990-10-10', 'Male', 3, '2025-04-13 00:29:09.405532', 'Telangana', 'Hyderabad', 'Madhapur', 'Ravi', 'Kumar', 'Reddy', 'REF1013', 1),
(14, 'isha24', 'Isha#909', 'isha.chopra24@example.com', '9845678901', '1998-03-08', 'Female', 2, '2025-04-13 00:29:09.405532', 'Punjab', 'Amritsar', 'Golden Temple Road', 'Isha', 'Rani', 'Chopra', 'REF1014', 7),
(15, 'deepak99', 'Deepak@222', 'deepak.kapoor99@example.com', '9856789012', '1995-09-16', 'Male', 4, '2025-04-13 00:29:09.405532', 'Haryana', 'Gurgaon', 'Cyber City', 'Deepak', 'Kumar', 'Kapoor', 'REF1015', 6),
(16, 'tanya33', 'Tanya#202', 'tanya.agrawal33@example.com', '9867890123', '1996-06-30', 'Female', 1, '2025-04-13 00:29:09.405532', 'Chhattisgarh', 'Raipur', 'Pandri', 'Tanya', 'Rani', 'Agrawal', 'REF1016', 10),
(17, 'yash17', 'Yash@818', 'yash.malhotra17@example.com', '9878901234', '1993-01-01', 'Male', 2, '2025-04-13 00:29:09.405532', 'Jammu & Kashmir', 'Jammu', 'Gandhi Nagar', 'Yash', 'Kumar', 'Malhotra', 'REF1017', 8),
(18, 'shruti09', 'Shruti$555', 'shruti.saxena09@example.com', '9889012345', '1997-11-22', 'Female', 5, '2025-04-13 00:29:09.405532', 'Himachal Pradesh', 'Shimla', 'Mall Road', 'Shruti', 'Rani', 'Saxena', 'REF1018', 9),
(19, 'nitesh62', 'Nitesh@777', 'nitesh.bajaj62@example.com', '9890123456', '1992-05-06', 'Male', 6, '2025-04-13 00:29:09.405532', 'Odisha', 'Bhubaneswar', 'Saheed Nagar', 'Nitesh', 'Kumar', 'Bajaj', 'REF1019', 11),
(20, 'riya20', 'Riya@888', 'riya.dubey20@example.com', '9901234567', '1994-07-19', 'Female', 7, '2025-04-13 00:29:09.405532', 'Jharkhand', 'Ranchi', 'Harmu', 'Riya', 'Rani', 'Dubey', 'REF1020', 14),
(21, 'kiran75', 'Kiran#676', 'kiran.bose75@example.com', '9912345678', '1990-08-14', 'Male', 1, '2025-04-13 00:29:09.405532', 'Assam', 'Guwahati', 'Paltan Bazar', 'Kiran', 'Kumar', 'Bose', 'REF1021', 12),
(22, 'preeti88', 'Preeti@909', 'preeti.gupta88@example.com', '9923456789', '1996-01-28', 'Female', 3, '2025-04-13 00:29:09.405532', 'Sikkim', 'Gangtok', 'MG Road', 'Preeti', 'Rani', 'Gupta', 'REF1022', 13),
(23, 'abhishek45', 'Abhi@333', 'abhishek.trivedi45@example.com', '9934567890', '1991-04-10', 'Male', 7, '2025-04-13 00:29:09.405532', 'Goa', 'Panaji', 'Miramar', 'Abhishek', 'Kumar', 'Trivedi', 'REF1023', 15),
(24, 'komal16', 'Komal@111', 'komal.joshi16@example.com', '9945678901', '1995-10-26', 'Female', 2, '2025-04-13 00:29:09.405532', 'Nagaland', 'Kohima', 'Main Town', 'Komal', 'Rani', 'Joshi', 'REF1024', 20),
(25, 'rohit28', 'Rohit@474', 'rohit.gill28@example.com', '9956789012', '1993-06-11', 'Male', 4, '2025-04-13 00:29:09.405532', 'Manipur', 'Imphal', 'Paona Bazar', 'Rohit', 'Kumar', 'Gill', 'REF1025', 22),
(26, 'divya94', 'Divya@989', 'divya.pillai94@example.com', '9967890123', '1994-12-05', 'Female', 1, '2025-04-13 00:29:09.405532', 'Meghalaya', 'Shillong', 'Police Bazar', 'Divya', 'Rani', 'Pillai', 'REF1026', 21),
(27, 'sachin60', 'Sachin@606', 'sachin.mehta60@example.com', '9978901234', '1990-09-02', 'Male', 3, '2025-04-13 00:29:09.405532', 'Arunachal Pradesh', 'Itanagar', 'Ganga Market', 'Sachin', 'Kumar', 'Mehta', 'REF1027', 23),
(28, 'pallavi79', 'Pallavi#009', 'pallavi.khanna79@example.com', '9989012345', '1998-11-08', 'Female', 6, '2025-04-13 00:29:09.405532', 'Mizoram', 'Aizawl', 'Zarkawt', 'Pallavi', 'Rani', 'Khanna', 'REF1028', 24),
(29, 'suresh37', 'Suresh@737', 'suresh.shah37@example.com', '9990123456', '1992-02-15', 'Male', 5, '2025-04-13 00:29:09.405532', 'Tripura', 'Agartala', 'Math Chowmuhani', 'Suresh', 'Kumar', 'Shah', 'REF1029', 26),
(30, 'nidhi07', 'Nidhi@707', 'nidhi.kohli07@example.com', '9876012345', '1997-08-18', 'Female', 4, '2025-04-13 00:29:09.405532', 'Puducherry', 'Puducherry', 'Heritage Town', 'Nidhi', 'Rani', 'Kohli', 'REF1030', 27);

--2
INSERT INTO Coupon_Category (
    coupon_category_id, category_name, description
) VALUES
(1, 'Flat ₹100 Off', 'Get ₹100 off on minimum 2 movie tickets'),
(2, 'Buy 1 Get 1 Free', 'Buy 1 ticket and get 1 free on select movies using credit cards'),
(3, '20% Cashback', 'Get 20% cashback on booking via Amazon Pay (max ₹75)'),
(4, '₹50 Off on Weekends', 'Avail ₹50 off on weekend show bookings above ₹300'),
(5, 'Flat ₹75 Off', 'Get ₹75 off on a single movie ticket of ₹200 or more'),
(6, 'BOGO Wednesday', 'Buy 1 Get 1 ticket free on Wednesdays only'),
(7, '₹100 Cashback on 3 Tickets', 'Book 3 or more tickets and get ₹100 cashback'),
(8, 'Student Offer ₹50 Off', 'Flat ₹50 off for student users with valid ID'),
(9, 'Early Bird ₹30 Off', 'Get ₹30 off when you book 48 hours in advance'),
(10, '25% Off for Couples', 'Flat 25% off when booking 2 seats together (max ₹125)'),
(11, 'Family Pack ₹150 Off', 'Get ₹150 off on 4 or more tickets in one booking'),
(12, 'Movie Night Combo', 'Get ₹100 off + free popcorn coupon for night shows'),
(13, '₹70 Cashback via Paytm', 'Use Paytm wallet and get ₹70 cashback'),
(14, 'Flash Sale ₹120 Off', 'Limited-time ₹120 off on blockbuster movies'),
(15, '₹200 Off Premium Seats', 'Flat ₹200 off on recliner or gold class seats'),
(16, 'Flat ₹60 Off', 'Applicable on select regional movies this weekend'),
(17, 'Visa Card Offer', 'Get ₹100 off using Visa debit/credit card'),
(18, '₹50 Cashback on Snacks', 'Book tickets with food combo and get ₹50 cashback'),
(19, 'Monday Saver', 'Flat ₹80 off on movie tickets every Monday'),
(20, 'Superstar Special ₹90 Off', '₹90 off on bookings for top-rated movies'),
(21, '₹100 Off for New Users', 'Flat ₹100 off on first-ever ticket booking'),
(22, 'Group Booking Bonus', 'Get ₹200 cashback on booking 6 or more seats'),
(23, 'Movie Buff Offer', '₹75 off on your 3rd movie of the month'),
(24, 'Gold Seat Deal', 'Flat ₹50 off on gold class seat bookings'),
(25, 'Late Night Show Offer', '₹60 off on shows after 10 PM'),
(26, 'Credit Card Wednesday Deal', 'Buy 2 Get ₹100 off using HDFC credit card'),
(27, 'Morning Show Saver', 'Flat ₹40 off on shows before 12 PM'),
(28, 'Movie Marathon ₹150 Off', 'Book 2 shows on same day and get ₹150 off'),
(29, 'Valentine’s Special', '25% off on couple seats on 14th February'),
(30, 'Fan Screening Deal', '₹80 off on early fan screenings and premieres');

--3
INSERT INTO Coupon (
    coupon_id, account_id, coupon_category_id, amount, validity, issued_at, redeemed_at
) VALUES
(1001, 18, 3, 75, '2025-05-20', '2025-04-01 10:15:00', NULL),
(1002, 7, 25, 60, '2025-06-05', '2025-04-02 14:00:00', '2025-04-08 10:40:00'),
(1003, 15, 7, 100, '2025-07-01', '2025-04-03 09:30:00', NULL),
(1004, 29, 12, 100, '2025-06-10', '2025-04-04 11:45:00', NULL),
(1005, 3, 28, 150, '2025-07-10', '2025-04-05 16:20:00', NULL),
(1006, 21, 1, 100, '2025-06-01', '2025-04-06 08:00:00', NULL),
(1007, 10, 6, 100, '2025-06-15', '2025-04-06 12:15:00', NULL),
(1008, 5, 20, 125, '2025-07-01', '2025-04-07 10:10:00', NULL),
(1009, 24, 9, 50, '2025-06-10', '2025-04-07 13:40:00', NULL),
(1010, 12, 2, 0, '2025-05-01', '2025-04-08 14:25:00', '2025-04-10 14:25:00'),
(1011, 8, 22, 200, '2025-07-15', '2025-04-08 15:10:00', NULL),
(1012, 30, 14, 120, '2025-06-01', '2025-04-09 17:00:00', NULL),
(1013, 13, 27, 75, '2025-05-30', '2025-04-09 08:20:00', NULL),
(1014, 1, 10, 125, '2025-06-25', '2025-04-09 09:10:00', NULL),
(1015, 17, 16, 60, '2025-05-10', '2025-04-09 11:00:00', '2025-04-08 11:00:00'),
(1016, 22, 19, 90, '2025-06-30', '2025-04-10 13:35:00', NULL),
(1017, 9, 11, 100, '2025-07-05', '2025-04-10 16:00:00', NULL),
(1018, 14, 21, 100, '2025-06-05', '2025-04-10 18:45:00', NULL),
(1019, 2, 5, 75, '2025-04-30', '2025-04-11 09:00:00', '2025-04-05 18:00:00'),
(1020, 26, 30, 80, '2025-06-28', '2025-04-11 12:00:00', '2025-04-11 12:00:00'),
(1021, 11, 17, 100, '2025-06-20', '2025-04-11 13:50:00', NULL),
(1022, 19, 13, 70, '2025-07-15', '2025-04-11 14:10:00', NULL),
(1023, 20, 23, 75, '2025-05-25', '2025-04-11 15:45:00', NULL),
(1024, 4, 26, 100, '2025-06-10', '2025-04-11 17:20:00', NULL),
(1025, 16, 24, 50, '2025-06-20', '2025-04-11 18:10:00', '2025-04-10 16:15:00'),
(1026, 27, 29, 125, '2025-07-14', '2025-04-11 19:00:00', NULL),
(1027, 6, 18, 50, '2025-05-15', '2025-04-11 19:30:00', NULL),
(1028, 25, 8, 50, '2025-05-20', '2025-04-11 20:20:00', '2025-04-09 17:30:00'),
(1029, 23, 4, 50, '2025-05-05', '2025-04-11 20:45:00', NULL),
(1030, 28, 15, 200, '2025-07-01', '2025-04-11 21:30:00', NULL);

--4
INSERT INTO Event (event_id, event_name, event_description, poster_link, trailer_link, duration, age_restriction, language, event_genre) VALUES
(549001, 'The Lost Treasure', 'Adventure movie about a quest for ancient treasure.', 'https://example.com/posters/lost_treasure.jpg', 'https://example.com/trailers/lost_treasure.mp4', '02:10:00', 12, 'English', 'Adventure'),
(549002, 'Midnight Scream', 'A horror film set in an abandoned asylum.', 'https://example.com/posters/midnight_scream.jpg', 'https://example.com/trailers/midnight_scream.mp4', '01:45:00', 18, 'English', 'Horror'),
(549003, 'Comedy Club Live', 'Stand-up comedy night with top comedians.', 'https://example.com/posters/comedy_club.jpg', 'https://example.com/trailers/comedy_club.mp4', '02:00:00', 15, 'Hindi', 'Comedy'),
(549004, 'Mystery Mansion', 'A thrilling mystery unraveling in a haunted mansion.', 'https://example.com/posters/mystery_mansion.jpg', 'https://example.com/trailers/mystery_mansion.mp4', '01:50:00', 13, 'English', 'Mystery'),
(549005, 'Rhythm Nation', 'A musical journey through cultures.', 'https://example.com/posters/rhythm_nation.jpg', 'https://example.com/trailers/rhythm_nation.mp4', '02:15:00', 10, 'Spanish', 'Musical'),
(549006, 'Cyber Rush', 'High-octane racing in a cyberpunk future.', 'https://example.com/posters/cyber_rush.jpg', 'https://example.com/trailers/cyber_rush.mp4', '01:40:00', 16, 'English', 'Action'),
(549007, 'Ancient Civilizations', 'Documentary on historical empires.', 'https://example.com/posters/ancient_civilizations.jpg', 'https://example.com/trailers/ancient_civilizations.mp4', '01:30:00', 8, 'English', 'Documentary'),
(549008, 'The Silent Lake', 'Psychological drama set near a lake.', 'https://example.com/posters/silent_lake.jpg', 'https://example.com/trailers/silent_lake.mp4', '01:55:00', 14, 'French', 'Drama'),
(549009, 'Zombie World', 'Post-apocalyptic zombie action film.', 'https://example.com/posters/zombie_world.jpg', 'https://example.com/trailers/zombie_world.mp4', '02:05:00', 18, 'English', 'Horror'),
(549010, 'Galactic Voyage', 'Sci-fi epic exploring deep space.', 'https://example.com/posters/galactic_voyage.jpg', 'https://example.com/trailers/galactic_voyage.mp4', '02:30:00', 13, 'English', 'Sci-Fi'),
(549011, 'Dance Inferno', 'Dance competition with fiery performances.', 'https://example.com/posters/dance_inferno.jpg', 'https://example.com/trailers/dance_inferno.mp4', '01:35:00', 10, 'Hindi', 'Dance'),
(549012, 'The Grand Heist', 'A gang of thieves plan the perfect heist.', 'https://example.com/posters/grand_heist.jpg', 'https://example.com/trailers/grand_heist.mp4', '02:20:00', 15, 'English', 'Crime'),
(549013, 'Nature Calls', 'Exploring Earth’s greatest natural wonders.', 'https://example.com/posters/nature_calls.jpg', 'https://example.com/trailers/nature_calls.mp4', '01:45:00', 5, 'English', 'Documentary'),
(549014, 'Battle of Legends', 'Fantasy warriors face off in epic battles.', 'https://example.com/posters/battle_legends.jpg', 'https://example.com/trailers/battle_legends.mp4', '02:25:00', 12, 'English', 'Fantasy'),
(549015, 'Chasing Dreams', 'Inspirational story of a struggling artist.', 'https://example.com/posters/chasing_dreams.jpg', 'https://example.com/trailers/chasing_dreams.mp4', '01:50:00', 10, 'English', 'Drama'),
(549016, 'The Spy Game', 'Espionage thriller in international waters.', 'https://example.com/posters/spy_game.jpg', 'https://example.com/trailers/spy_game.mp4', '02:10:00', 16, 'English', 'Thriller'),
(549017, 'Tech Titans', 'Tech moguls battle for global domination.', 'https://example.com/posters/tech_titans.jpg', 'https://example.com/trailers/tech_titans.mp4', '01:55:00', 13, 'English', 'Drama'),
(549018, 'Jungle Beat', 'Wildlife safari adventure with twists.', 'https://example.com/posters/jungle_beat.jpg', 'https://example.com/trailers/jungle_beat.mp4', '01:40:00', 8, 'Hindi', 'Adventure'),
(549019, 'Voices Unheard', 'Tales of those who dared to speak out.', 'https://example.com/posters/voices_unheard.jpg', 'https://example.com/trailers/voices_unheard.mp4', '01:45:00', 14, 'English', 'Biography'),
(549020, 'Alien Code', 'Scientists uncover mysterious alien symbols.', 'https://example.com/posters/alien_code.jpg', 'https://example.com/trailers/alien_code.mp4', '02:00:00', 15, 'English', 'Sci-Fi'),
(549021, 'The Illusionist', 'A magician’s rise and fall.', 'https://example.com/posters/illusionist.jpg', 'https://example.com/trailers/illusionist.mp4', '02:05:00', 12, 'English', 'Drama'),
(549022, 'Comic Con Chaos', 'Behind the scenes of a massive comic con.', 'https://example.com/posters/comic_con.jpg', 'https://example.com/trailers/comic_con.mp4', '01:30:00', 10, 'English', 'Comedy'),
(549023, 'The Last Battle', 'Final stand between good and evil.', 'https://example.com/posters/last_battle.jpg', 'https://example.com/trailers/last_battle.mp4', '02:15:00', 15, 'English', 'Action'),
(549024, 'Melody Nights', 'Romantic musical set in Paris.', 'https://example.com/posters/melody_nights.jpg', 'https://example.com/trailers/melody_nights.mp4', '01:55:00', 13, 'French', 'Romance'),
(549025, 'Parallel Lives', 'Story of two people living the same day.', 'https://example.com/posters/parallel_lives.jpg', 'https://example.com/trailers/parallel_lives.mp4', '02:00:00', 12, 'English', 'Fantasy'),
(549026, 'Racing Heart', 'A racecar driver’s comeback journey.', 'https://example.com/posters/racing_heart.jpg', 'https://example.com/trailers/racing_heart.mp4', '02:10:00', 15, 'Hindi', 'Sports'),
(549027, 'Digital Shadows', 'Hackers uncover a dark web conspiracy.', 'https://example.com/posters/digital_shadows.jpg', 'https://example.com/trailers/digital_shadows.mp4', '02:05:00', 17, 'English', 'Thriller'),
(549028, 'Soul Ties', 'Emotional family drama.', 'https://example.com/posters/soul_ties.jpg', 'https://example.com/trailers/soul_ties.mp4', '01:50:00', 10, 'English', 'Drama'),
(549029, 'Code Red', 'A deadly virus threatens humanity.', 'https://example.com/posters/code_red.jpg', 'https://example.com/trailers/code_red.mp4', '02:15:00', 16, 'English', 'Sci-Fi'),
(549030, 'The Puppet Show', 'Twisted mystery behind a puppet theatre.', 'https://example.com/posters/puppet_show.jpg', 'https://example.com/trailers/puppet_show.mp4', '01:45:00', 13, 'English', 'Mystery');

--5
INSERT INTO Movie_Event (event_id, imdb_rating, release_date) VALUES
(549001, 7.8, '2023-05-12'),
(549002, 6.5, '2022-10-31'),
(549004, 7.0, '2023-01-18'),
(549005, 7.3, '2022-12-01'),
(549006, 8.1, '2024-03-15'),
(549008, 7.6, '2023-09-20'),
(549009, 6.8, '2022-07-13'),
(549010, 8.4, '2023-11-25'),
(549012, 7.2, '2024-01-10'),
(549014, 8.0, '2022-08-09'),
(549016, 7.7, '2023-10-07'),
(549019, 7.9, '2022-01-20'),
(549021, 7.5, '2022-07-07'),
(549026, 7.2, '2023-04-05'),
(549030, 7.3, '2022-05-12');

--6
INSERT INTO Show_Event (event_id, audience_interaction) VALUES
(549003, TRUE),
(549007, FALSE),
(549011, TRUE),
(549013, FALSE),
(549015, FALSE),
(549017, FALSE),
(549018, FALSE),
(549020, FALSE),
(549022, TRUE),
(549023, FALSE),
(549024, FALSE),
(549025, FALSE),
(549027, FALSE),
(549028, FALSE),
(549029, FALSE);

--7
INSERT INTO Artist (artist_id, artist_name) VALUES
(455001, 'Prabhu Deva'),
(455002, 'Remo D''Souza'),
(455003, 'Geeta Kapoor'),
(455004, 'Raghav Juyal'),
(455005, 'Terence Lewis'),
(455006, 'Kapil Sharma'),
(455007, 'Bharti Singh'),
(455008, 'Zakir Khan'),
(455009, 'Vir Das'),
(455010, 'Biswa Kalyan Rath'),
(455011, 'Neeraj Kabi'),
(455012, 'A. R. Rahman'),
(455013, 'Shreya Ghoshal'),
(455014, 'Sonu Nigam'),
(455015, 'Sunidhi Chauhan'),
(455016, 'Darshan Raval'),
(455017, 'Sukhwinder Singh');

--8
INSERT INTO Show_Performers (artist_id, event_id) VALUES
(455001, 549003),
(455001, 549027),
(455002, 549007),
(455002, 549011),
(455003, 549013),
(455003, 549025),
(455004, 549011),
(455004, 549022),
(455004, 549023),
(455005, 549003),
(455005, 549015),
(455005, 549022),
(455006, 549007),
(455006, 549024),
(455007, 549007),
(455008, 549023),
(455009, 549020),
(455009, 549025),
(455010, 549027),
(455011, 549028),
(455012, 549024),
(455012, 549029),
(455013, 549015),
(455013, 549029),
(455014, 549018),
(455015, 549003),
(455016, 549011),
(455016, 549028),
(455017, 549013),
(455017, 549029);

--9
INSERT INTO Region (pincode, city, state, area) VALUES
(360001, 'Ahmedabad', 'Gujarat', 'Vastrapur'),
(360002, 'Surat', 'Gujarat', 'Adajan'),
(360003, 'Vadodara', 'Gujarat', 'Alkapuri'),
(360004, 'Rajkot', 'Gujarat', 'Mavdi'),
(360005, 'Bhavnagar', 'Gujarat', 'Khodiyar Colony'),
(360006, 'Junagadh', 'Gujarat', 'Keshod'),
(360007, 'Anand', 'Gujarat', 'Sardar Vallabhbhai Patel Nagar'),
(360008, 'Nadiad', 'Gujarat', 'Station Road'),
(360009, 'Mehsana', 'Gujarat', 'Modhera'),
(360010, 'Gandhinagar', 'Gujarat', 'Sector 21'),
(360011, 'Jamnagar', 'Gujarat', 'Bedi Port'),
(360012, 'Navsari', 'Gujarat', 'Udhna'),
(360013, 'Bharuch', 'Gujarat', 'GIDC'),
(360014, 'Valsad', 'Gujarat', 'Tithal'),
(360015, 'Bhilai', 'Chhattisgarh', 'Bhilai Nagar'),
(360016, 'Raipur', 'Chhattisgarh', 'Sadar Bazar'),
(360017, 'Korba', 'Chhattisgarh', 'Mango Market'),
(360018, 'Bilaspur', 'Chhattisgarh', 'Chakarbhata'),
(360019, 'Durg', 'Chhattisgarh', 'Maidan'),
(360020, 'Chandrapur', 'Maharashtra', 'Brahmapuri'),
(360021, 'Nagpur', 'Maharashtra', 'Gittikhadan'),
(360022, 'Pune', 'Maharashtra', 'Kothrud'),
(360023, 'Nashik', 'Maharashtra', 'Indira Nagar'),
(360024, 'Mumbai', 'Maharashtra', 'Andheri'),
(360025, 'Thane', 'Maharashtra', 'Wagle Estate'),
(360026, 'Aurangabad', 'Maharashtra', 'MG Road'),
(360027, 'Solapur', 'Maharashtra', 'Vijapur'),
(360028, 'Kolhapur', 'Maharashtra', 'Shivaji Nagar'),
(360029, 'Satara', 'Maharashtra', 'Karad'),
(360030, 'Ratnagiri', 'Maharashtra', 'Malvan');

--10
INSERT INTO Venue (venue_id, venue_name, pincode) VALUES
(370001, 'Royal Opera House', '360001'),
(370002, 'City Auditorium', '360001'),
(370003, 'Sunshine Arena', '360002'),
(370004, 'Starlight Pavilion', '360003'),
(370005, 'Majestic Theater', '360004'),
(370006, 'Heritage Hall', '360005'),
(370007, 'Grand Exhibition Center', '360005'),
(370008, 'Cultural Hub', '360006'),
(370009, 'Crystal Palace', '360007'),
(370010, 'Music Palace', '360007'),
(370011, 'Skyline Auditorium', '360008'),
(370012, 'The Event Square', '360009'),
(370013, 'Platinum Lounge', '360010'),
(370014, 'Galaxy Theater', '360011'),
(370015, 'Royal Arena', '360012'),
(370016, 'Ocean View Arena', '360013'),
(370017, 'Grand Performance Hall', '360014'),
(370018, 'Stage Theatre', '360015'),
(370019, 'Crescent Arena', '360016'),
(370020, 'Golden Amphitheater', '360017'),
(370021, 'Luxe Performance Center', '360018'),
(370022, 'Vision Expo Hall', '360019'),
(370023, 'Prime Event Space', '360020'),
(370024, 'Eclipse Event Center', '360021'),
(370025, 'The Zenith', '360022'),
(370026, 'Sunset Concert Arena', '360023'),
(370027, 'The Heritage Theatre', '360024'),
(370028, 'Harmony Convention Center', '360025'),
(370029, 'Royal Plaza Arena', '360026'),
(370030, 'Metro Cultural Hub', '360027');

--11
INSERT INTO Room (room_id, venue_id, room_no, screen_type, capacity) VALUES
(380001, 370001, '101', '2D', 50),
(380002, 370001, '102', '3D', 30),
(380003, 370002, '201', '2D', 50),
(380004, 370002, '202', 'IMAX', 50),
(380005, 370003, '301', '4D', 30),
(380006, 370003, '302', '2D', 50),
(380007, 370004, '401', '3D', 30),
(380008, 370004, '402', '2D', 30),
(380009, 370005, '501', '2D', 30),
(380010, 370005, '502', '3D', 50),
(380011, 370006, '601', 'IMAX', 50),
(380012, 370006, '602', '2D', 30),
(380013, 370007, '701', NULL, 40),
(380014, 370007, '702', NULL, 40),
(380015, 370008, '801', 'IMAX', 50),
(380016, 370008, '802', '3D', 30),
(380017, 370009, '901', '2D', 50),
(380018, 370009, '902', '3D', 30),
(380019, 370010, '1001', 'IMAX', 50),
(380020, 370010, '1002', '2D', 30),
(380021, 370011, '1101', '4D', 30),
(380022, 370011, '1102', '2D', 50),
(380023, 370012, '1201', '2D', 30),
(380024, 370012, '1202', '3D', 30),
(380025, 370013, '1301', '2D', 50),
(380026, 370013, '1302', '3D', 30),
(380027, 370014, '1401', 'IMAX', 50),
(380028, 370014, '1402', '2D', 30),
(380029, 370015, '1501', NULL, 40),
(380030, 370015, '1502', NULL, 40),
(380031, 370016, '1601', NULL, 40),
(380032, 370016, '1602', NULL, 50),
(380033, 370017, '1701', NULL, 50),
(380034, 370017, '1702', NULL, 50),
(380035, 370018, '1801', NULL, 50),
(380036, 370018, '1802', NULL, 50);

--12
INSERT INTO Category (category) VALUES
('Balcony'),
('Bronze'),
('Business Class'),
('Club Seating'),
('Couple'),
('Diamond'),
('Diamond Plus'),
('Diamond Suite'),
('Executive'),
('Family'),
('First Class'),
('Front Row'),
('Gold'),
('Lounge'),
('Luxury'),
('Luxury Suite'),
('Orchestra'),
('Platinum'),
('Premium'),
('Rear View'),
('Reserved'),
('Silver'),
('Skybox'),
('Sky Suite'),
('Stage View'),
('Standard'),
('Tier 1'),
('Tier 2'),
('Ultra Premium'),
('VIP');

--13
INSERT INTO Seat (room_id, seat_number, seat_row, category) VALUES,
(380001, 'A1', 1, 'Gold'),
(380001, 'A2', 1, 'Gold'),
(380001, 'A3', 1, 'Gold'),
(380001, 'A4', 1, 'Gold'),
(380001, 'A5', 1, 'Gold'),
(380001, 'A6', 1, 'Gold'),
(380001, 'A7', 1, 'Gold'),
(380001, 'A8', 1, 'Gold'),
(380001, 'A9', 1, 'Gold'),
(380001, 'A10', 1, 'Gold'),
(380001, 'B1', 2, 'Gold'),
(380001, 'B2', 2, 'Gold'),
(380001, 'B3', 2, 'Gold'),
(380001, 'B4', 2, 'Gold'),
(380001, 'B5', 2, 'Gold'),
(380001, 'B6', 2, 'Gold'),
(380001, 'B7', 2, 'Gold'),
(380001, 'B8', 2, 'Silver'),
(380001, 'B9', 2, 'Silver'),
(380001, 'B10', 2, 'Silver'),
(380001, 'C1', 3, 'Silver'),
(380001, 'C2', 3, 'Silver'),
(380001, 'C3', 3, 'Silver'),
(380001, 'C4', 3, 'Silver'),
(380001, 'C5', 3, 'Silver'),
(380001, 'C6', 3, 'Silver'),
(380001, 'C7', 3, 'Silver'),
(380001, 'C8', 3, 'Silver'),
(380001, 'C9', 3, 'Silver'),
(380001, 'C10', 3, 'Silver'),
(380001, 'D1', 4, 'Silver'),
(380001, 'D2', 4, 'Silver'),
(380001, 'D3', 4, 'Silver'),
(380001, 'D4', 4, 'Silver'),
(380001, 'D5', 4, 'Bronze'),
(380001, 'D6', 4, 'Bronze'),
(380001, 'D7', 4, 'Bronze'),
(380001, 'D8', 4, 'Bronze'),
(380001, 'D9', 4, 'Bronze'),
(380001, 'D10', 4, 'Bronze'),
(380001, 'E1', 5, 'Bronze'),
(380001, 'E2', 5, 'Bronze'),
(380001, 'E3', 5, 'Bronze'),
(380001, 'E4', 5, 'Bronze'),
(380001, 'E5', 5, 'Bronze'),
(380001, 'E6', 5, 'Bronze'),
(380001, 'E7', 5, 'Bronze'),
(380001, 'E8', 5, 'Bronze'),
(380001, 'E9', 5, 'Bronze'),
(380001, 'E10', 5, 'Bronze'),
(380002, 'A1', 1, 'Gold'),
(380002, 'A2', 1, 'Gold'),
(380002, 'A3', 1, 'Gold'),
(380002, 'A4', 1, 'Gold'),
(380002, 'A5', 1, 'Gold'),
(380002, 'A6', 1, 'Gold'),
(380002, 'A7', 1, 'Gold'),
(380002, 'A8', 1, 'Gold'),
(380002, 'A9', 1, 'Gold'),
(380002, 'A10', 1, 'Gold'),
(380002, 'B1', 2, 'Silver'),
(380002, 'B2', 2, 'Silver'),
(380002, 'B3', 2, 'Silver'),
(380002, 'B4', 2, 'Silver'),
(380002, 'B5', 2, 'Silver'),
(380002, 'B6', 2, 'Silver'),
(380002, 'B7', 2, 'Silver'),
(380002, 'B8', 2, 'Silver'),
(380002, 'B9', 2, 'Silver'),
(380002, 'B10', 2, 'Silver'),
(380002, 'C1', 3, 'Bronze'),
(380002, 'C2', 3, 'Bronze'),
(380002, 'C3', 3, 'Bronze'),
(380002, 'C4', 3, 'Bronze'),
(380002, 'C5', 3, 'Bronze'),
(380002, 'C6', 3, 'Bronze'),
(380002, 'C7', 3, 'Bronze'),
(380002, 'C8', 3, 'Bronze'),
(380002, 'C9', 3, 'Bronze'),
(380002, 'C10', 3, 'Bronze'),
(380003, 'A1', 1, 'Gold'),
(380003, 'A2', 1, 'Gold'),
(380003, 'A3', 1, 'Gold'),
(380003, 'A4', 1, 'Gold'),
(380003, 'A5', 1, 'Gold'),
(380003, 'A6', 1, 'Gold'),
(380003, 'A7', 1, 'Gold'),
(380003, 'A8', 1, 'Gold'),
(380003, 'A9', 1, 'Gold'),
(380003, 'A10', 1, 'Gold'),
(380003, 'B1', 2, 'Gold'),
(380003, 'B2', 2, 'Gold'),
(380003, 'B3', 2, 'Gold'),
(380003, 'B4', 2, 'Gold'),
(380003, 'B5', 2, 'Gold'),
(380003, 'B6', 2, 'Gold'),
(380003, 'B7', 2, 'Gold'),
(380003, 'B8', 2, 'Silver'),
(380003, 'B9', 2, 'Silver'),
(380003, 'B10', 2, 'Silver'),
(380003, 'C1', 3, 'Silver'),
(380003, 'C2', 3, 'Silver'),
(380003, 'C3', 3, 'Silver'),
(380003, 'C4', 3, 'Silver'),
(380003, 'C5', 3, 'Silver'),
(380003, 'C6', 3, 'Silver'),
(380003, 'C7', 3, 'Silver'),
(380003, 'C8', 3, 'Silver'),
(380003, 'C9', 3, 'Silver'),
(380003, 'C10', 3, 'Silver'),
(380003, 'D1', 4, 'Silver'),
(380003, 'D2', 4, 'Silver'),
(380003, 'D3', 4, 'Silver'),
(380003, 'D4', 4, 'Silver'),
(380003, 'D5', 4, 'Bronze'),
(380003, 'D6', 4, 'Bronze'),
(380003, 'D7', 4, 'Bronze'),
(380003, 'D8', 4, 'Bronze'),
(380003, 'D9', 4, 'Bronze'),
(380003, 'D10', 4, 'Bronze'),
(380003, 'E1', 5, 'Bronze'),
(380003, 'E2', 5, 'Bronze'),
(380003, 'E3', 5, 'Bronze'),
(380003, 'E4', 5, 'Bronze'),
(380003, 'E5', 5, 'Bronze'),
(380003, 'E6', 5, 'Bronze'),
(380003, 'E7', 5, 'Bronze'),
(380003, 'E8', 5, 'Bronze'),
(380003, 'E9', 5, 'Bronze'),
(380003, 'E10', 5, 'Bronze'),
(380004, 'A1', 1, 'Gold'),
(380004, 'A2', 1, 'Gold'),
(380004, 'A3', 1, 'Gold'),
(380004, 'A4', 1, 'Gold'),
(380004, 'A5', 1, 'Gold'),
(380004, 'A6', 1, 'Gold'),
(380004, 'A7', 1, 'Gold'),
(380004, 'A8', 1, 'Gold'),
(380004, 'A9', 1, 'Gold'),
(380004, 'A10', 1, 'Gold'),
(380004, 'B1', 2, 'Gold'),
(380004, 'B2', 2, 'Gold'),
(380004, 'B3', 2, 'Gold'),
(380004, 'B4', 2, 'Gold'),
(380004, 'B5', 2, 'Gold'),
(380004, 'B6', 2, 'Gold'),
(380004, 'B7', 2, 'Gold'),
(380004, 'B8', 2, 'Silver'),
(380004, 'B9', 2, 'Silver'),
(380004, 'B10', 2, 'Silver'),
(380004, 'C1', 3, 'Silver'),
(380004, 'C2', 3, 'Silver'),
(380004, 'C3', 3, 'Silver'),
(380004, 'C4', 3, 'Silver'),
(380004, 'C5', 3, 'Silver'),
(380004, 'C6', 3, 'Silver'),
(380004, 'C7', 3, 'Silver'),
(380004, 'C8', 3, 'Silver'),
(380004, 'C9', 3, 'Silver'),
(380004, 'C10', 3, 'Silver'),
(380004, 'D1', 4, 'Silver'),
(380004, 'D2', 4, 'Silver'),
(380004, 'D3', 4, 'Silver'),
(380004, 'D4', 4, 'Silver'),
(380004, 'D5', 4, 'Bronze'),
(380004, 'D6', 4, 'Bronze'),
(380004, 'D7', 4, 'Bronze'),
(380004, 'D8', 4, 'Bronze'),
(380004, 'D9', 4, 'Bronze'),
(380004, 'D10', 4, 'Bronze'),
(380004, 'E1', 5, 'Bronze'),
(380004, 'E2', 5, 'Bronze'),
(380004, 'E3', 5, 'Bronze'),
(380004, 'E4', 5, 'Bronze'),
(380004, 'E5', 5, 'Bronze'),
(380004, 'E6', 5, 'Bronze'),
(380004, 'E7', 5, 'Bronze'),
(380004, 'E8', 5, 'Bronze'),
(380004, 'E9', 5, 'Bronze'),
(380004, 'E10', 5, 'Bronze'),
(380005, 'A1', 1, 'Gold'),
(380005, 'A2', 1, 'Gold'),
(380005, 'A3', 1, 'Gold'),
(380005, 'A4', 1, 'Gold'),
(380005, 'A5', 1, 'Gold'),
(380005, 'A6', 1, 'Gold'),
(380005, 'A7', 1, 'Gold'),
(380005, 'A8', 1, 'Gold'),
(380005, 'A9', 1, 'Gold'),
(380005, 'A10', 1, 'Gold'),
(380005, 'B1', 2, 'Silver'),
(380005, 'B2', 2, 'Silver'),
(380005, 'B3', 2, 'Silver'),
(380005, 'B4', 2, 'Silver'),
(380005, 'B5', 2, 'Silver'),
(380005, 'B6', 2, 'Silver'),
(380005, 'B7', 2, 'Silver'),
(380005, 'B8', 2, 'Silver'),
(380005, 'B9', 2, 'Silver'),
(380005, 'B10', 2, 'Silver'),
(380005, 'C1', 3, 'Bronze'),
(380005, 'C2', 3, 'Bronze'),
(380005, 'C3', 3, 'Bronze'),
(380005, 'C4', 3, 'Bronze'),
(380005, 'C5', 3, 'Bronze'),
(380005, 'C6', 3, 'Bronze'),
(380005, 'C7', 3, 'Bronze'),
(380005, 'C8', 3, 'Bronze'),
(380005, 'C9', 3, 'Bronze'),
(380005, 'C10', 3, 'Bronze'),
(380006, 'A1', 1, 'Gold'),
(380006, 'A2', 1, 'Gold'),
(380006, 'A3', 1, 'Gold'),
(380006, 'A4', 1, 'Gold'),
(380006, 'A5', 1, 'Gold'),
(380006, 'A6', 1, 'Gold'),
(380006, 'A7', 1, 'Gold'),
(380006, 'A8', 1, 'Gold'),
(380006, 'A9', 1, 'Gold'),
(380006, 'A10', 1, 'Gold'),
(380006, 'B1', 2, 'Gold'),
(380006, 'B2', 2, 'Gold'),
(380006, 'B3', 2, 'Gold'),
(380006, 'B4', 2, 'Gold'),
(380006, 'B5', 2, 'Gold'),
(380006, 'B6', 2, 'Gold'),
(380006, 'B7', 2, 'Gold'),
(380006, 'B8', 2, 'Silver'),
(380006, 'B9', 2, 'Silver'),
(380006, 'B10', 2, 'Silver'),
(380006, 'C1', 3, 'Silver'),
(380006, 'C2', 3, 'Silver'),
(380006, 'C3', 3, 'Silver'),
(380006, 'C4', 3, 'Silver'),
(380006, 'C5', 3, 'Silver'),
(380006, 'C6', 3, 'Silver'),
(380006, 'C7', 3, 'Silver'),
(380006, 'C8', 3, 'Silver'),
(380006, 'C9', 3, 'Silver'),
(380006, 'C10', 3, 'Silver'),
(380006, 'D1', 4, 'Silver'),
(380006, 'D2', 4, 'Silver'),
(380006, 'D3', 4, 'Silver'),
(380006, 'D4', 4, 'Silver'),
(380006, 'D5', 4, 'Bronze'),
(380006, 'D6', 4, 'Bronze'),
(380006, 'D7', 4, 'Bronze'),
(380006, 'D8', 4, 'Bronze'),
(380006, 'D9', 4, 'Bronze'),
(380006, 'D10', 4, 'Bronze'),
(380006, 'E1', 5, 'Bronze'),
(380006, 'E2', 5, 'Bronze'),
(380006, 'E3', 5, 'Bronze'),
(380006, 'E4', 5, 'Bronze'),
(380006, 'E5', 5, 'Bronze'),
(380006, 'E6', 5, 'Bronze'),
(380006, 'E7', 5, 'Bronze'),
(380006, 'E8', 5, 'Bronze'),
(380006, 'E9', 5, 'Bronze'),
(380006, 'E10', 5, 'Bronze'),
(380007, 'A1', 1, 'Gold'),
(380007, 'A2', 1, 'Gold'),
(380007, 'A3', 1, 'Gold'),
(380007, 'A4', 1, 'Gold'),
(380007, 'A5', 1, 'Gold'),
(380007, 'A6', 1, 'Gold'),
(380007, 'A7', 1, 'Gold'),
(380007, 'A8', 1, 'Gold'),
(380007, 'A9', 1, 'Gold'),
(380007, 'A10', 1, 'Gold'),
(380007, 'B1', 2, 'Silver'),
(380007, 'B2', 2, 'Silver'),
(380007, 'B3', 2, 'Silver'),
(380007, 'B4', 2, 'Silver'),
(380007, 'B5', 2, 'Silver'),
(380007, 'B6', 2, 'Silver'),
(380007, 'B7', 2, 'Silver'),
(380007, 'B8', 2, 'Silver'),
(380007, 'B9', 2, 'Silver'),
(380007, 'B10', 2, 'Silver'),
(380007, 'C1', 3, 'Bronze'),
(380007, 'C2', 3, 'Bronze'),
(380007, 'C3', 3, 'Bronze'),
(380007, 'C4', 3, 'Bronze'),
(380007, 'C5', 3, 'Bronze'),
(380007, 'C6', 3, 'Bronze'),
(380007, 'C7', 3, 'Bronze'),
(380007, 'C8', 3, 'Bronze'),
(380007, 'C9', 3, 'Bronze'),
(380007, 'C10', 3, 'Bronze'),
(380008, 'A1', 1, 'Gold'),
(380008, 'A2', 1, 'Gold'),
(380008, 'A3', 1, 'Gold'),
(380008, 'A4', 1, 'Gold'),
(380008, 'A5', 1, 'Gold'),
(380008, 'A6', 1, 'Gold'),
(380008, 'A7', 1, 'Gold'),
(380008, 'A8', 1, 'Gold'),
(380008, 'A9', 1, 'Gold'),
(380008, 'A10', 1, 'Gold'),
(380008, 'B1', 2, 'Silver'),
(380008, 'B2', 2, 'Silver'),
(380008, 'B3', 2, 'Silver'),
(380008, 'B4', 2, 'Silver'),
(380008, 'B5', 2, 'Silver'),
(380008, 'B6', 2, 'Silver'),
(380008, 'B7', 2, 'Silver'),
(380008, 'B8', 2, 'Silver'),
(380008, 'B9', 2, 'Silver'),
(380008, 'B10', 2, 'Silver'),
(380008, 'C1', 3, 'Bronze'),
(380008, 'C2', 3, 'Bronze'),
(380008, 'C3', 3, 'Bronze'),
(380008, 'C4', 3, 'Bronze'),
(380008, 'C5', 3, 'Bronze'),
(380008, 'C6', 3, 'Bronze'),
(380008, 'C7', 3, 'Bronze'),
(380008, 'C8', 3, 'Bronze'),
(380008, 'C9', 3, 'Bronze'),
(380008, 'C10', 3, 'Bronze'),
(380009, 'A1', 1, 'Gold'),
(380009, 'A2', 1, 'Gold'),
(380009, 'A3', 1, 'Gold'),
(380009, 'A4', 1, 'Gold'),
(380009, 'A5', 1, 'Gold'),
(380009, 'A6', 1, 'Gold'),
(380009, 'A7', 1, 'Gold'),
(380009, 'A8', 1, 'Gold'),
(380009, 'A9', 1, 'Gold'),
(380009, 'A10', 1, 'Gold'),
(380009, 'B1', 2, 'Silver'),
(380009, 'B2', 2, 'Silver'),
(380009, 'B3', 2, 'Silver'),
(380009, 'B4', 2, 'Silver'),
(380009, 'B5', 2, 'Silver'),
(380009, 'B6', 2, 'Silver'),
(380009, 'B7', 2, 'Silver'),
(380009, 'B8', 2, 'Silver'),
(380009, 'B9', 2, 'Silver'),
(380009, 'B10', 2, 'Silver'),
(380009, 'C1', 3, 'Bronze'),
(380009, 'C2', 3, 'Bronze'),
(380009, 'C3', 3, 'Bronze'),
(380009, 'C4', 3, 'Bronze'),
(380009, 'C5', 3, 'Bronze'),
(380009, 'C6', 3, 'Bronze'),
(380009, 'C7', 3, 'Bronze'),
(380009, 'C8', 3, 'Bronze'),
(380009, 'C9', 3, 'Bronze'),
(380009, 'C10', 3, 'Bronze'),
(380010, 'A1', 1, 'Gold'),
(380010, 'A2', 1, 'Gold'),
(380010, 'A3', 1, 'Gold'),
(380010, 'A4', 1, 'Gold'),
(380010, 'A5', 1, 'Gold'),
(380010, 'A6', 1, 'Gold'),
(380010, 'A7', 1, 'Gold'),
(380010, 'A8', 1, 'Gold'),
(380010, 'A9', 1, 'Gold'),
(380010, 'A10', 1, 'Gold'),
(380010, 'B1', 2, 'Gold'),
(380010, 'B2', 2, 'Gold'),
(380010, 'B3', 2, 'Gold'),
(380010, 'B4', 2, 'Gold'),
(380010, 'B5', 2, 'Gold'),
(380010, 'B6', 2, 'Gold'),
(380010, 'B7', 2, 'Gold'),
(380010, 'B8', 2, 'Silver'),
(380010, 'B9', 2, 'Silver'),
(380010, 'B10', 2, 'Silver'),
(380010, 'C1', 3, 'Silver'),
(380010, 'C2', 3, 'Silver'),
(380010, 'C3', 3, 'Silver'),
(380010, 'C4', 3, 'Silver'),
(380010, 'C5', 3, 'Silver'),
(380010, 'C6', 3, 'Silver'),
(380010, 'C7', 3, 'Silver'),
(380010, 'C8', 3, 'Silver'),
(380010, 'C9', 3, 'Silver'),
(380010, 'C10', 3, 'Silver'),
(380010, 'D1', 4, 'Silver'),
(380010, 'D2', 4, 'Silver'),
(380010, 'D3', 4, 'Silver'),
(380010, 'D4', 4, 'Silver'),
(380010, 'D5', 4, 'Bronze'),
(380010, 'D6', 4, 'Bronze'),
(380010, 'D7', 4, 'Bronze'),
(380010, 'D8', 4, 'Bronze'),
(380010, 'D9', 4, 'Bronze'),
(380010, 'D10', 4, 'Bronze'),
(380010, 'E1', 5, 'Bronze'),
(380010, 'E2', 5, 'Bronze'),
(380010, 'E3', 5, 'Bronze'),
(380010, 'E4', 5, 'Bronze'),
(380010, 'E5', 5, 'Bronze'),
(380010, 'E6', 5, 'Bronze'),
(380010, 'E7', 5, 'Bronze'),
(380010, 'E8', 5, 'Bronze'),
(380010, 'E9', 5, 'Bronze'),
(380010, 'E10', 5, 'Bronze'),
(380011, 'A1', 1, 'Gold'),
(380011, 'A2', 1, 'Gold'),
(380011, 'A3', 1, 'Gold'),
(380011, 'A4', 1, 'Gold'),
(380011, 'A5', 1, 'Gold'),
(380011, 'A6', 1, 'Gold'),
(380011, 'A7', 1, 'Gold'),
(380011, 'A8', 1, 'Gold'),
(380011, 'A9', 1, 'Gold'),
(380011, 'A10', 1, 'Gold'),
(380011, 'B1', 2, 'Gold'),
(380011, 'B2', 2, 'Gold'),
(380011, 'B3', 2, 'Gold'),
(380011, 'B4', 2, 'Gold'),
(380011, 'B5', 2, 'Gold'),
(380011, 'B6', 2, 'Gold'),
(380011, 'B7', 2, 'Gold'),
(380011, 'B8', 2, 'Silver'),
(380011, 'B9', 2, 'Silver'),
(380011, 'B10', 2, 'Silver'),
(380011, 'C1', 3, 'Silver'),
(380011, 'C2', 3, 'Silver'),
(380011, 'C3', 3, 'Silver'),
(380011, 'C4', 3, 'Silver'),
(380011, 'C5', 3, 'Silver'),
(380011, 'C6', 3, 'Silver'),
(380011, 'C7', 3, 'Silver'),
(380011, 'C8', 3, 'Silver'),
(380011, 'C9', 3, 'Silver'),
(380011, 'C10', 3, 'Silver'),
(380011, 'D1', 4, 'Silver'),
(380011, 'D2', 4, 'Silver'),
(380011, 'D3', 4, 'Silver'),
(380011, 'D4', 4, 'Silver'),
(380011, 'D5', 4, 'Bronze'),
(380011, 'D6', 4, 'Bronze'),
(380011, 'D7', 4, 'Bronze'),
(380011, 'D8', 4, 'Bronze'),
(380011, 'D9', 4, 'Bronze'),
(380011, 'D10', 4, 'Bronze'),
(380011, 'E1', 5, 'Bronze'),
(380011, 'E2', 5, 'Bronze'),
(380011, 'E3', 5, 'Bronze'),
(380011, 'E4', 5, 'Bronze'),
(380011, 'E5', 5, 'Bronze'),
(380011, 'E6', 5, 'Bronze'),
(380011, 'E7', 5, 'Bronze'),
(380011, 'E8', 5, 'Bronze'),
(380011, 'E9', 5, 'Bronze'),
(380011, 'E10', 5, 'Bronze'),
(380012, 'A1', 1, 'Gold'),
(380012, 'A2', 1, 'Gold'),
(380012, 'A3', 1, 'Gold'),
(380012, 'A4', 1, 'Gold'),
(380012, 'A5', 1, 'Gold'),
(380012, 'A6', 1, 'Gold'),
(380012, 'A7', 1, 'Gold'),
(380012, 'A8', 1, 'Gold'),
(380012, 'A9', 1, 'Gold'),
(380012, 'A10', 1, 'Gold'),
(380012, 'B1', 2, 'Silver'),
(380012, 'B2', 2, 'Silver'),
(380012, 'B3', 2, 'Silver'),
(380012, 'B4', 2, 'Silver'),
(380012, 'B5', 2, 'Silver'),
(380012, 'B6', 2, 'Silver'),
(380012, 'B7', 2, 'Silver'),
(380012, 'B8', 2, 'Silver'),
(380012, 'B9', 2, 'Silver'),
(380012, 'B10', 2, 'Silver'),
(380012, 'C1', 3, 'Bronze'),
(380012, 'C2', 3, 'Bronze'),
(380012, 'C3', 3, 'Bronze'),
(380012, 'C4', 3, 'Bronze'),
(380012, 'C5', 3, 'Bronze'),
(380012, 'C6', 3, 'Bronze'),
(380012, 'C7', 3, 'Bronze'),
(380012, 'C8', 3, 'Bronze'),
(380012, 'C9', 3, 'Bronze'),
(380012, 'C10', 3, 'Bronze'),
(380015, 'A1', 1, 'Gold'),
(380015, 'A2', 1, 'Gold'),
(380015, 'A3', 1, 'Gold'),
(380015, 'A4', 1, 'Gold'),
(380015, 'A5', 1, 'Gold'),
(380015, 'A6', 1, 'Gold'),
(380015, 'A7', 1, 'Gold'),
(380015, 'A8', 1, 'Gold'),
(380015, 'A9', 1, 'Gold'),
(380015, 'A10', 1, 'Gold'),
(380015, 'B1', 2, 'Gold'),
(380015, 'B2', 2, 'Gold'),
(380015, 'B3', 2, 'Gold'),
(380015, 'B4', 2, 'Gold'),
(380015, 'B5', 2, 'Gold'),
(380015, 'B6', 2, 'Gold'),
(380015, 'B7', 2, 'Gold'),
(380015, 'B8', 2, 'Silver'),
(380015, 'B9', 2, 'Silver'),
(380015, 'B10', 2, 'Silver'),
(380015, 'C1', 3, 'Silver'),
(380015, 'C2', 3, 'Silver'),
(380015, 'C3', 3, 'Silver'),
(380015, 'C4', 3, 'Silver'),
(380015, 'C5', 3, 'Silver'),
(380015, 'C6', 3, 'Silver'),
(380015, 'C7', 3, 'Silver'),
(380015, 'C8', 3, 'Silver'),
(380015, 'C9', 3, 'Silver'),
(380015, 'C10', 3, 'Silver'),
(380015, 'D1', 4, 'Silver'),
(380015, 'D2', 4, 'Silver'),
(380015, 'D3', 4, 'Silver'),
(380015, 'D4', 4, 'Silver'),
(380015, 'D5', 4, 'Bronze'),
(380015, 'D6', 4, 'Bronze'),
(380015, 'D7', 4, 'Bronze'),
(380015, 'D8', 4, 'Bronze'),
(380015, 'D9', 4, 'Bronze'),
(380015, 'D10', 4, 'Bronze'),
(380015, 'E1', 5, 'Bronze'),
(380015, 'E2', 5, 'Bronze'),
(380015, 'E3', 5, 'Bronze'),
(380015, 'E4', 5, 'Bronze'),
(380015, 'E5', 5, 'Bronze'),
(380015, 'E6', 5, 'Bronze'),
(380015, 'E7', 5, 'Bronze'),
(380015, 'E8', 5, 'Bronze'),
(380015, 'E9', 5, 'Bronze'),
(380015, 'E10', 5, 'Bronze'),
(380016, 'A1', 1, 'Gold'),
(380016, 'A2', 1, 'Gold'),
(380016, 'A3', 1, 'Gold'),
(380016, 'A4', 1, 'Gold'),
(380016, 'A5', 1, 'Gold'),
(380016, 'A6', 1, 'Gold'),
(380016, 'A7', 1, 'Gold'),
(380016, 'A8', 1, 'Gold'),
(380016, 'A9', 1, 'Gold'),
(380016, 'A10', 1, 'Gold'),
(380016, 'B1', 2, 'Silver'),
(380016, 'B2', 2, 'Silver'),
(380016, 'B3', 2, 'Silver'),
(380016, 'B4', 2, 'Silver'),
(380016, 'B5', 2, 'Silver'),
(380016, 'B6', 2, 'Silver'),
(380016, 'B7', 2, 'Silver'),
(380016, 'B8', 2, 'Silver'),
(380016, 'B9', 2, 'Silver'),
(380016, 'B10', 2, 'Silver'),
(380016, 'C1', 3, 'Bronze'),
(380016, 'C2', 3, 'Bronze'),
(380016, 'C3', 3, 'Bronze'),
(380016, 'C4', 3, 'Bronze'),
(380016, 'C5', 3, 'Bronze'),
(380016, 'C6', 3, 'Bronze'),
(380016, 'C7', 3, 'Bronze'),
(380016, 'C8', 3, 'Bronze'),
(380016, 'C9', 3, 'Bronze'),
(380016, 'C10', 3, 'Bronze'),
(380017, 'A1', 1, 'Gold'),
(380017, 'A2', 1, 'Gold'),
(380017, 'A3', 1, 'Gold'),
(380017, 'A4', 1, 'Gold'),
(380017, 'A5', 1, 'Gold'),
(380017, 'A6', 1, 'Gold'),
(380017, 'A7', 1, 'Gold'),
(380017, 'A8', 1, 'Gold'),
(380017, 'A9', 1, 'Gold'),
(380017, 'A10', 1, 'Gold'),
(380017, 'B1', 2, 'Gold'),
(380017, 'B2', 2, 'Gold'),
(380017, 'B3', 2, 'Gold'),
(380017, 'B4', 2, 'Gold'),
(380017, 'B5', 2, 'Gold'),
(380017, 'B6', 2, 'Gold'),
(380017, 'B7', 2, 'Gold'),
(380017, 'B8', 2, 'Silver'),
(380017, 'B9', 2, 'Silver'),
(380017, 'B10', 2, 'Silver'),
(380017, 'C1', 3, 'Silver'),
(380017, 'C2', 3, 'Silver'),
(380017, 'C3', 3, 'Silver'),
(380017, 'C4', 3, 'Silver'),
(380017, 'C5', 3, 'Silver'),
(380017, 'C6', 3, 'Silver'),
(380017, 'C7', 3, 'Silver'),
(380017, 'C8', 3, 'Silver'),
(380017, 'C9', 3, 'Silver'),
(380017, 'C10', 3, 'Silver'),
(380017, 'D1', 4, 'Silver'),
(380017, 'D2', 4, 'Silver'),
(380017, 'D3', 4, 'Silver'),
(380017, 'D4', 4, 'Silver'),
(380017, 'D5', 4, 'Bronze'),
(380017, 'D6', 4, 'Bronze'),
(380017, 'D7', 4, 'Bronze'),
(380017, 'D8', 4, 'Bronze'),
(380017, 'D9', 4, 'Bronze'),
(380017, 'D10', 4, 'Bronze'),
(380017, 'E1', 5, 'Bronze'),
(380017, 'E2', 5, 'Bronze'),
(380017, 'E3', 5, 'Bronze'),
(380017, 'E4', 5, 'Bronze'),
(380017, 'E5', 5, 'Bronze'),
(380017, 'E6', 5, 'Bronze'),
(380017, 'E7', 5, 'Bronze'),
(380017, 'E8', 5, 'Bronze'),
(380017, 'E9', 5, 'Bronze'),
(380017, 'E10', 5, 'Bronze'),
(380018, 'A1', 1, 'Gold'),
(380018, 'A2', 1, 'Gold'),
(380018, 'A3', 1, 'Gold'),
(380018, 'A4', 1, 'Gold'),
(380018, 'A5', 1, 'Gold'),
(380018, 'A6', 1, 'Gold'),
(380018, 'A7', 1, 'Gold'),
(380018, 'A8', 1, 'Gold'),
(380018, 'A9', 1, 'Gold'),
(380018, 'A10', 1, 'Gold'),
(380018, 'B1', 2, 'Silver'),
(380018, 'B2', 2, 'Silver'),
(380018, 'B3', 2, 'Silver'),
(380018, 'B4', 2, 'Silver'),
(380018, 'B5', 2, 'Silver'),
(380018, 'B6', 2, 'Silver'),
(380018, 'B7', 2, 'Silver'),
(380018, 'B8', 2, 'Silver'),
(380018, 'B9', 2, 'Silver'),
(380018, 'B10', 2, 'Silver'),
(380018, 'C1', 3, 'Bronze'),
(380018, 'C2', 3, 'Bronze'),
(380018, 'C3', 3, 'Bronze'),
(380018, 'C4', 3, 'Bronze'),
(380018, 'C5', 3, 'Bronze'),
(380018, 'C6', 3, 'Bronze'),
(380018, 'C7', 3, 'Bronze'),
(380018, 'C8', 3, 'Bronze'),
(380018, 'C9', 3, 'Bronze'),
(380018, 'C10', 3, 'Bronze'),
(380019, 'A1', 1, 'Gold'),
(380019, 'A2', 1, 'Gold'),
(380019, 'A3', 1, 'Gold'),
(380019, 'A4', 1, 'Gold'),
(380019, 'A5', 1, 'Gold'),
(380019, 'A6', 1, 'Gold'),
(380019, 'A7', 1, 'Gold'),
(380019, 'A8', 1, 'Gold'),
(380019, 'A9', 1, 'Gold'),
(380019, 'A10', 1, 'Gold'),
(380019, 'B1', 2, 'Gold'),
(380019, 'B2', 2, 'Gold'),
(380019, 'B3', 2, 'Gold'),
(380019, 'B4', 2, 'Gold'),
(380019, 'B5', 2, 'Gold'),
(380019, 'B6', 2, 'Gold'),
(380019, 'B7', 2, 'Gold'),
(380019, 'B8', 2, 'Silver'),
(380019, 'B9', 2, 'Silver'),
(380019, 'B10', 2, 'Silver'),
(380019, 'C1', 3, 'Silver'),
(380019, 'C2', 3, 'Silver'),
(380019, 'C3', 3, 'Silver'),
(380019, 'C4', 3, 'Silver'),
(380019, 'C5', 3, 'Silver'),
(380019, 'C6', 3, 'Silver'),
(380019, 'C7', 3, 'Silver'),
(380019, 'C8', 3, 'Silver'),
(380019, 'C9', 3, 'Silver'),
(380019, 'C10', 3, 'Silver'),
(380019, 'D1', 4, 'Silver'),
(380019, 'D2', 4, 'Silver'),
(380019, 'D3', 4, 'Silver'),
(380019, 'D4', 4, 'Silver'),
(380019, 'D5', 4, 'Bronze'),
(380019, 'D6', 4, 'Bronze'),
(380019, 'D7', 4, 'Bronze'),
(380019, 'D8', 4, 'Bronze'),
(380019, 'D9', 4, 'Bronze'),
(380019, 'D10', 4, 'Bronze'),
(380019, 'E1', 5, 'Bronze'),
(380019, 'E2', 5, 'Bronze'),
(380019, 'E3', 5, 'Bronze'),
(380019, 'E4', 5, 'Bronze'),
(380019, 'E5', 5, 'Bronze'),
(380019, 'E6', 5, 'Bronze'),
(380019, 'E7', 5, 'Bronze'),
(380019, 'E8', 5, 'Bronze'),
(380019, 'E9', 5, 'Bronze'),
(380019, 'E10', 5, 'Bronze'),
(380020, 'A1', 1, 'Gold'),
(380020, 'A2', 1, 'Gold'),
(380020, 'A3', 1, 'Gold'),
(380020, 'A4', 1, 'Gold'),
(380020, 'A5', 1, 'Gold'),
(380020, 'A6', 1, 'Gold'),
(380020, 'A7', 1, 'Gold'),
(380020, 'A8', 1, 'Gold'),
(380020, 'A9', 1, 'Gold'),
(380020, 'A10', 1, 'Gold'),
(380020, 'B1', 2, 'Silver'),
(380020, 'B2', 2, 'Silver'),
(380020, 'B3', 2, 'Silver'),
(380020, 'B4', 2, 'Silver'),
(380020, 'B5', 2, 'Silver'),
(380020, 'B6', 2, 'Silver'),
(380020, 'B7', 2, 'Silver'),
(380020, 'B8', 2, 'Silver'),
(380020, 'B9', 2, 'Silver'),
(380020, 'B10', 2, 'Silver'),
(380020, 'C1', 3, 'Bronze'),
(380020, 'C2', 3, 'Bronze'),
(380020, 'C3', 3, 'Bronze'),
(380020, 'C4', 3, 'Bronze'),
(380020, 'C5', 3, 'Bronze'),
(380020, 'C6', 3, 'Bronze'),
(380020, 'C7', 3, 'Bronze'),
(380020, 'C8', 3, 'Bronze'),
(380020, 'C9', 3, 'Bronze'),
(380020, 'C10', 3, 'Bronze'),
(380021, 'A1', 1, 'Gold'),
(380021, 'A2', 1, 'Gold'),
(380021, 'A3', 1, 'Gold'),
(380021, 'A4', 1, 'Gold'),
(380021, 'A5', 1, 'Gold'),
(380021, 'A6', 1, 'Gold'),
(380021, 'A7', 1, 'Gold'),
(380021, 'A8', 1, 'Gold'),
(380021, 'A9', 1, 'Gold'),
(380021, 'A10', 1, 'Gold'),
(380021, 'B1', 2, 'Silver'),
(380021, 'B2', 2, 'Silver'),
(380021, 'B3', 2, 'Silver'),
(380021, 'B4', 2, 'Silver'),
(380021, 'B5', 2, 'Silver'),
(380021, 'B6', 2, 'Silver'),
(380021, 'B7', 2, 'Silver'),
(380021, 'B8', 2, 'Silver'),
(380021, 'B9', 2, 'Silver'),
(380021, 'B10', 2, 'Silver'),
(380021, 'C1', 3, 'Bronze'),
(380021, 'C2', 3, 'Bronze'),
(380021, 'C3', 3, 'Bronze'),
(380021, 'C4', 3, 'Bronze'),
(380021, 'C5', 3, 'Bronze'),
(380021, 'C6', 3, 'Bronze'),
(380021, 'C7', 3, 'Bronze'),
(380021, 'C8', 3, 'Bronze'),
(380021, 'C9', 3, 'Bronze'),
(380021, 'C10', 3, 'Bronze'),
(380022, 'A1', 1, 'Gold'),
(380022, 'A2', 1, 'Gold'),
(380022, 'A3', 1, 'Gold'),
(380022, 'A4', 1, 'Gold'),
(380022, 'A5', 1, 'Gold'),
(380022, 'A6', 1, 'Gold'),
(380022, 'A7', 1, 'Gold'),
(380022, 'A8', 1, 'Gold'),
(380022, 'A9', 1, 'Gold'),
(380022, 'A10', 1, 'Gold'),
(380022, 'B1', 2, 'Gold'),
(380022, 'B2', 2, 'Gold'),
(380022, 'B3', 2, 'Gold'),
(380022, 'B4', 2, 'Gold'),
(380022, 'B5', 2, 'Gold'),
(380022, 'B6', 2, 'Gold'),
(380022, 'B7', 2, 'Gold'),
(380022, 'B8', 2, 'Silver'),
(380022, 'B9', 2, 'Silver'),
(380022, 'B10', 2, 'Silver'),
(380022, 'C1', 3, 'Silver'),
(380022, 'C2', 3, 'Silver'),
(380022, 'C3', 3, 'Silver'),
(380022, 'C4', 3, 'Silver'),
(380022, 'C5', 3, 'Silver'),
(380022, 'C6', 3, 'Silver'),
(380022, 'C7', 3, 'Silver'),
(380022, 'C8', 3, 'Silver'),
(380022, 'C9', 3, 'Silver'),
(380022, 'C10', 3, 'Silver'),
(380022, 'D1', 4, 'Silver'),
(380022, 'D2', 4, 'Silver'),
(380022, 'D3', 4, 'Silver'),
(380022, 'D4', 4, 'Silver'),
(380022, 'D5', 4, 'Bronze'),
(380022, 'D6', 4, 'Bronze'),
(380022, 'D7', 4, 'Bronze'),
(380022, 'D8', 4, 'Bronze'),
(380022, 'D9', 4, 'Bronze'),
(380022, 'D10', 4, 'Bronze'),
(380022, 'E1', 5, 'Bronze'),
(380022, 'E2', 5, 'Bronze'),
(380022, 'E3', 5, 'Bronze'),
(380022, 'E4', 5, 'Bronze'),
(380022, 'E5', 5, 'Bronze'),
(380022, 'E6', 5, 'Bronze'),
(380022, 'E7', 5, 'Bronze'),
(380022, 'E8', 5, 'Bronze'),
(380022, 'E9', 5, 'Bronze'),
(380022, 'E10', 5, 'Bronze'),
(380023, 'A1', 1, 'Gold'),
(380023, 'A2', 1, 'Gold'),
(380023, 'A3', 1, 'Gold'),
(380023, 'A4', 1, 'Gold'),
(380023, 'A5', 1, 'Gold'),
(380023, 'A6', 1, 'Gold'),
(380023, 'A7', 1, 'Gold'),
(380023, 'A8', 1, 'Gold'),
(380023, 'A9', 1, 'Gold'),
(380023, 'A10', 1, 'Gold'),
(380023, 'B1', 2, 'Silver'),
(380023, 'B2', 2, 'Silver'),
(380023, 'B3', 2, 'Silver'),
(380023, 'B4', 2, 'Silver'),
(380023, 'B5', 2, 'Silver'),
(380023, 'B6', 2, 'Silver'),
(380023, 'B7', 2, 'Silver'),
(380023, 'B8', 2, 'Silver'),
(380023, 'B9', 2, 'Silver'),
(380023, 'B10', 2, 'Silver'),
(380023, 'C1', 3, 'Bronze'),
(380023, 'C2', 3, 'Bronze'),
(380023, 'C3', 3, 'Bronze'),
(380023, 'C4', 3, 'Bronze'),
(380023, 'C5', 3, 'Bronze'),
(380023, 'C6', 3, 'Bronze'),
(380023, 'C7', 3, 'Bronze'),
(380023, 'C8', 3, 'Bronze'),
(380023, 'C9', 3, 'Bronze'),
(380023, 'C10', 3, 'Bronze'),
(380024, 'A1', 1, 'Gold'),
(380024, 'A2', 1, 'Gold'),
(380024, 'A3', 1, 'Gold'),
(380024, 'A4', 1, 'Gold'),
(380024, 'A5', 1, 'Gold'),
(380024, 'A6', 1, 'Gold'),
(380024, 'A7', 1, 'Gold'),
(380024, 'A8', 1, 'Gold'),
(380024, 'A9', 1, 'Gold'),
(380024, 'A10', 1, 'Gold'),
(380024, 'B1', 2, 'Silver'),
(380024, 'B2', 2, 'Silver'),
(380024, 'B3', 2, 'Silver'),
(380024, 'B4', 2, 'Silver'),
(380024, 'B5', 2, 'Silver'),
(380024, 'B6', 2, 'Silver'),
(380024, 'B7', 2, 'Silver'),
(380024, 'B8', 2, 'Silver'),
(380024, 'B9', 2, 'Silver'),
(380024, 'B10', 2, 'Silver'),
(380024, 'C1', 3, 'Bronze'),
(380024, 'C2', 3, 'Bronze'),
(380024, 'C3', 3, 'Bronze'),
(380024, 'C4', 3, 'Bronze'),
(380024, 'C5', 3, 'Bronze'),
(380024, 'C6', 3, 'Bronze'),
(380024, 'C7', 3, 'Bronze'),
(380024, 'C8', 3, 'Bronze'),
(380024, 'C9', 3, 'Bronze'),
(380024, 'C10', 3, 'Bronze'),
(380025, 'A1', 1, 'Gold'),
(380025, 'A2', 1, 'Gold'),
(380025, 'A3', 1, 'Gold'),
(380025, 'A4', 1, 'Gold'),
(380025, 'A5', 1, 'Gold'),
(380025, 'A6', 1, 'Gold'),
(380025, 'A7', 1, 'Gold'),
(380025, 'A8', 1, 'Gold'),
(380025, 'A9', 1, 'Gold'),
(380025, 'A10', 1, 'Gold'),
(380025, 'B1', 2, 'Gold'),
(380025, 'B2', 2, 'Gold'),
(380025, 'B3', 2, 'Gold'),
(380025, 'B4', 2, 'Gold'),
(380025, 'B5', 2, 'Gold'),
(380025, 'B6', 2, 'Gold'),
(380025, 'B7', 2, 'Gold'),
(380025, 'B8', 2, 'Silver'),
(380025, 'B9', 2, 'Silver'),
(380025, 'B10', 2, 'Silver'),
(380025, 'C1', 3, 'Silver'),
(380025, 'C2', 3, 'Silver'),
(380025, 'C3', 3, 'Silver'),
(380025, 'C4', 3, 'Silver'),
(380025, 'C5', 3, 'Silver'),
(380025, 'C6', 3, 'Silver'),
(380025, 'C7', 3, 'Silver'),
(380025, 'C8', 3, 'Silver'),
(380025, 'C9', 3, 'Silver'),
(380025, 'C10', 3, 'Silver'),
(380025, 'D1', 4, 'Silver'),
(380025, 'D2', 4, 'Silver'),
(380025, 'D3', 4, 'Silver'),
(380025, 'D4', 4, 'Silver'),
(380025, 'D5', 4, 'Bronze'),
(380025, 'D6', 4, 'Bronze'),
(380025, 'D7', 4, 'Bronze'),
(380025, 'D8', 4, 'Bronze'),
(380025, 'D9', 4, 'Bronze'),
(380025, 'D10', 4, 'Bronze'),
(380025, 'E1', 5, 'Bronze'),
(380025, 'E2', 5, 'Bronze'),
(380025, 'E3', 5, 'Bronze'),
(380025, 'E4', 5, 'Bronze'),
(380025, 'E5', 5, 'Bronze'),
(380025, 'E6', 5, 'Bronze'),
(380025, 'E7', 5, 'Bronze'),
(380025, 'E8', 5, 'Bronze'),
(380025, 'E9', 5, 'Bronze'),
(380025, 'E10', 5, 'Bronze'),
(380026, 'A1', 1, 'Gold'),
(380026, 'A2', 1, 'Gold'),
(380026, 'A3', 1, 'Gold'),
(380026, 'A4', 1, 'Gold'),
(380026, 'A5', 1, 'Gold'),
(380026, 'A6', 1, 'Gold'),
(380026, 'A7', 1, 'Gold'),
(380026, 'A8', 1, 'Gold'),
(380026, 'A9', 1, 'Gold'),
(380026, 'A10', 1, 'Gold'),
(380026, 'B1', 2, 'Silver'),
(380026, 'B2', 2, 'Silver'),
(380026, 'B3', 2, 'Silver'),
(380026, 'B4', 2, 'Silver'),
(380026, 'B5', 2, 'Silver'),
(380026, 'B6', 2, 'Silver'),
(380026, 'B7', 2, 'Silver'),
(380026, 'B8', 2, 'Silver'),
(380026, 'B9', 2, 'Silver'),
(380026, 'B10', 2, 'Silver'),
(380026, 'C1', 3, 'Bronze'),
(380026, 'C2', 3, 'Bronze'),
(380026, 'C3', 3, 'Bronze'),
(380026, 'C4', 3, 'Bronze'),
(380026, 'C5', 3, 'Bronze'),
(380026, 'C6', 3, 'Bronze'),
(380026, 'C7', 3, 'Bronze'),
(380026, 'C8', 3, 'Bronze'),
(380026, 'C9', 3, 'Bronze'),
(380026, 'C10', 3, 'Bronze'),
(380027, 'A1', 1, 'Gold'),
(380027, 'A2', 1, 'Gold'),
(380027, 'A3', 1, 'Gold'),
(380027, 'A4', 1, 'Gold'),
(380027, 'A5', 1, 'Gold'),
(380027, 'A6', 1, 'Gold'),
(380027, 'A7', 1, 'Gold'),
(380027, 'A8', 1, 'Gold'),
(380027, 'A9', 1, 'Gold'),
(380027, 'A10', 1, 'Gold'),
(380027, 'B1', 2, 'Gold'),
(380027, 'B2', 2, 'Gold'),
(380027, 'B3', 2, 'Gold'),
(380027, 'B4', 2, 'Gold'),
(380027, 'B5', 2, 'Gold'),
(380027, 'B6', 2, 'Gold'),
(380027, 'B7', 2, 'Gold'),
(380027, 'B8', 2, 'Silver'),
(380027, 'B9', 2, 'Silver'),
(380027, 'B10', 2, 'Silver'),
(380027, 'C1', 3, 'Silver'),
(380027, 'C2', 3, 'Silver'),
(380027, 'C3', 3, 'Silver'),
(380027, 'C4', 3, 'Silver'),
(380027, 'C5', 3, 'Silver'),
(380027, 'C6', 3, 'Silver'),
(380027, 'C7', 3, 'Silver'),
(380027, 'C8', 3, 'Silver'),
(380027, 'C9', 3, 'Silver'),
(380027, 'C10', 3, 'Silver'),
(380027, 'D1', 4, 'Silver'),
(380027, 'D2', 4, 'Silver'),
(380027, 'D3', 4, 'Silver'),
(380027, 'D4', 4, 'Silver'),
(380027, 'D5', 4, 'Bronze'),
(380027, 'D6', 4, 'Bronze'),
(380027, 'D7', 4, 'Bronze'),
(380027, 'D8', 4, 'Bronze'),
(380027, 'D9', 4, 'Bronze'),
(380027, 'D10', 4, 'Bronze'),
(380027, 'E1', 5, 'Bronze'),
(380027, 'E2', 5, 'Bronze'),
(380027, 'E3', 5, 'Bronze'),
(380027, 'E4', 5, 'Bronze'),
(380027, 'E5', 5, 'Bronze'),
(380027, 'E6', 5, 'Bronze'),
(380027, 'E7', 5, 'Bronze'),
(380027, 'E8', 5, 'Bronze'),
(380027, 'E9', 5, 'Bronze'),
(380027, 'E10', 5, 'Bronze'),
(380028, 'A1', 1, 'Gold'),
(380028, 'A2', 1, 'Gold'),
(380028, 'A3', 1, 'Gold'),
(380028, 'A4', 1, 'Gold'),
(380028, 'A5', 1, 'Gold'),
(380028, 'A6', 1, 'Gold'),
(380028, 'A7', 1, 'Gold'),
(380028, 'A8', 1, 'Gold'),
(380028, 'A9', 1, 'Gold'),
(380028, 'A10', 1, 'Gold'),
(380028, 'B1', 2, 'Silver'),
(380028, 'B2', 2, 'Silver'),
(380028, 'B3', 2, 'Silver'),
(380028, 'B4', 2, 'Silver'),
(380028, 'B5', 2, 'Silver'),
(380028, 'B6', 2, 'Silver'),
(380028, 'B7', 2, 'Silver'),
(380028, 'B8', 2, 'Silver'),
(380028, 'B9', 2, 'Silver'),
(380028, 'B10', 2, 'Silver'),
(380028, 'C1', 3, 'Bronze'),
(380028, 'C2', 3, 'Bronze'),
(380028, 'C3', 3, 'Bronze'),
(380028, 'C4', 3, 'Bronze'),
(380028, 'C5', 3, 'Bronze'),
(380028, 'C6', 3, 'Bronze'),
(380028, 'C7', 3, 'Bronze'),
(380028, 'C8', 3, 'Bronze'),
(380028, 'C9', 3, 'Bronze'),
(380028, 'C10', 3, 'Bronze');

--14
INSERT INTO Event_Schedule (schedule_id, event_id, manager_id, room_id, event_datetime, sponsored_money) VALUES
(777001, 549001, 2, 380001, '2025-05-01 10:00:00', 5000),
(777002, 549002, 3, 380002, '2025-05-01 13:30:00', 3000),
(777003, 549003, 6, 380003, '2025-05-02 15:00:00', 4000),
(777004, 549004, 7, 380004, '2025-05-02 18:00:00', 3500),
(777005, 549005, 10, 380005, '2025-05-03 12:00:00', 2500),
(777006, 549006, 11, 380006, '2025-05-03 16:00:00', 4500),
(777007, 549007, 14, 380007, '2025-05-04 10:30:00', 6000),
(777008, 549008, 15, 380008, '2025-05-04 14:30:00', 7000),
(777009, 549009, 18, 380009, '2025-05-05 17:00:00', 5500),
(777010, 549010, 19, 380010, '2025-05-05 20:30:00', 3000),
(777011, 549011, 11, 380011, '2025-05-06 11:00:00', 4000),
(777012, 549012, 22, 380012, '2025-05-15 13:30:00', 2500),
(777013, 549013, 23, 380013, '2025-05-07 15:00:00', 6000),
(777014, 549014, 26, 380014, '2025-05-07 18:30:00', 4500),
(777015, 549015, 27, 380015, '2025-05-08 12:00:00', 3500),
(777016, 549016, 30, 380016, '2025-05-08 14:30:00', 5000),
(777017, 549017, 2, 380017, '2025-05-09 16:00:00', 5500),
(777018, 549018, 3, 380018, '2025-05-09 19:30:00', 7000),
(777019, 549019, 6, 380019, '2025-05-10 10:30:00', 6000),
(777020, 549020, 7, 380020, '2025-05-10 13:00:00', 2500),
(777021, 549021, 10, 380021, '2025-05-11 15:30:00', 4500),
(777022, 549022, 22, 380022, '2025-05-11 18:00:00', 4000),
(777023, 549023, 23, 380023, '2025-05-12 10:00:00', 3000),
(777024, 549024, 24, 380024, '2025-05-12 13:00:00', 3500),
(777025, 549025, 11, 380025, '2025-05-13 16:00:00', 6000),
(777026, 549026, 14, 380026, '2025-05-13 19:30:00', 7000),
(777027, 549027, 15, 380027, '2025-05-14 12:00:00', 4000),
(777028, 549028, 18, 380028, '2025-05-14 15:00:00', 5000),
(777029, 549029, 19, 380029, '2025-05-15 11:00:00', 4500),
(777030, 549030, 22, 380030, '2025-05-15 13:30:00', 3500),
(777031, 549001, 23, 380001, '2025-05-16 10:00:00', 3200),
(777032, 549002, 2, 380002, '2025-05-16 13:00:00', 4100),
(777033, 549003, 3, 380003, '2025-05-16 16:00:00', 2800),
(777034, 549004, 26, 380004, '2025-05-16 19:00:00', 5000),
(777035, 549005, 27, 380005, '2025-05-17 11:00:00', 2700),
(777036, 549006, 30, 380006, '2025-05-17 14:00:00', 3600),
(777037, 549007, 7, 380007, '2025-05-17 17:00:00', 4300),
(777038, 549008, 10, 380008, '2025-05-17 20:00:00', 3900),
(777039, 549009, 11, 380009, '2025-05-18 12:00:00', 3100),
(777040, 549010, 14, 380010, '2025-05-18 15:00:00', 3300),
(777041, 549011, 11, 380011, '2025-05-18 18:00:00', 4700),
(777042, 549012, 15, 380012, '2025-05-19 11:30:00', 2500),
(777043, 549013, 18, 380013, '2025-05-19 14:30:00', 3100),
(777044, 549014, 19, 380014, '2025-05-19 17:30:00', 2900),
(777045, 549015, 22, 380015, '2025-05-20 10:00:00', 5200),
(777046, 549016, 23, 380016, '2025-05-20 13:00:00', 3400),
(777047, 549017, 15, 380017, '2025-05-20 16:00:00', 4300),
(777048, 549018, 26, 380018, '2025-05-20 19:00:00', 4700),
(777049, 549019, 27, 380019, '2025-05-21 12:00:00', 3800),
(777050, 549020, 30, 380020, '2025-05-21 15:00:00', 4900),
(777051, 549021, 2, 380021, '2025-05-21 18:00:00', 5100),
(777052, 549022, 22, 380022, '2025-05-22 11:30:00', 3000),
(777053, 549023, 23, 380023, '2025-05-22 14:30:00', 4100),
(777054, 549024, 26, 380024, '2025-05-22 17:30:00', 3300),
(777055, 549025, 2, 380025, '2025-05-23 10:00:00', 5200),
(777056, 549026, 3, 380026, '2025-05-23 13:00:00', 2900),
(777057, 549027, 27, 380027, '2025-05-23 16:00:00', 3400),
(777058, 549028, 30, 380028, '2025-05-23 19:00:00', 4200),
(777059, 549029, 11, 380029, '2025-05-24 12:00:00', 3000),
(777060, 549030, 30, 380030, '2025-05-24 15:00:00', 3900);

--15
INSERT INTO Notification (notification_id, schedule_id, message, sent_at) VALUES
(612001, 777005, 'Reminder: Your show starts in 2 hours.', '2025-04-13 02:42:04.799425'),
(612002, 777012, 'Schedule updated. Please check the new timings.', '2025-04-13 02:42:04.799425'),
(612003, 777021, 'New event added to your schedule.', '2025-04-13 02:42:04.799425'),
(612004, 777034, 'Ticket confirmed. Show details inside.', '2025-04-13 02:42:04.799425'),
(612005, 777027, 'Don’t forget to bring your QR code!', '2025-04-13 02:42:04.799425'),
(612006, 777050, 'Your seat has been upgraded.', '2025-04-13 02:42:04.799425'),
(612007, 777002, 'Show delayed by 15 minutes.', '2025-04-13 02:42:04.799425'),
(612008, 777043, 'Get ready! Your event is tonight.', '2025-04-13 02:42:04.799425'),
(612009, 777017, 'Your booking was successful.', '2025-04-13 02:42:04.799425'),
(612010, 777038, 'Thank you for booking with us.', '2025-04-13 02:42:04.799425'),
(612011, 777059, 'Early access for VIPs starts now.', '2025-04-13 02:42:04.799425'),
(612012, 777008, 'Event location changed. Check now.', '2025-04-13 02:42:04.799425'),
(612013, 777030, 'Your feedback matters. Rate us!', '2025-04-13 02:42:04.799425'),
(612014, 777020, 'Book another show and get 10% off.', '2025-04-13 02:42:04.799425'),
(612015, 777011, 'Limited seats left for your event.', '2025-04-13 02:42:04.799425'),
(612016, 777036, 'New artist lineup announced.', '2025-04-13 02:42:04.799425'),
(612017, 777018, 'Your tickets are ready to download.', '2025-04-13 02:42:04.799425'),
(612018, 777024, 'Show starts in 1 hour.', '2025-04-13 02:42:04.799425'),
(612019, 777056, 'Reminder: You booked a seat for tomorrow.', '2025-04-13 02:42:04.799425'),
(612020, 777010, 'Flash sale on weekend events!', '2025-04-13 02:42:04.799425'),
(612021, 777013, 'Event postponed. New date updated.', '2025-04-13 02:42:04.799425'),
(612022, 777045, 'Event is now fully booked.', '2025-04-13 02:42:04.799425'),
(612023, 777006, 'Instructions for entry have been emailed.', '2025-04-13 02:42:04.799425'),
(612024, 777022, 'Enjoy exclusive backstage access.', '2025-04-13 02:42:04.799425'),
(612025, 777026, 'Your parking pass is included.', '2025-04-13 02:42:04.799425'),
(612026, 777041, 'Get directions to your event venue.', '2025-04-13 02:42:04.799425'),
(612027, 777009, 'You are on the waitlist.', '2025-04-13 02:42:04.799425'),
(612028, 777032, 'Final call: Book now or miss out!', '2025-04-13 02:42:04.799425'),
(612029, 777003, 'QR code updated for entry.', '2025-04-13 02:42:04.799425'),
(612030, 777015, 'Your event was rescheduled.', '2025-04-13 02:42:04.799425');

--16
INSERT INTO User_Notifications (account_id, notification_id) VALUES
(4, 612004),
(6, 612005),
(6, 612021),
(7, 612001),
(7, 612022),
(10, 612006),
(11, 612015),
(13, 612002),
(14, 612027),
(15, 612007),
(15, 612024),
(15, 612029),
(18, 612008),
(18, 612030),
(20, 612016),
(20, 612023),
(22, 612028),
(23, 612003),
(23, 612009),
(23, 612012),
(23, 612014),
(23, 612017),
(23, 612025),
(26, 612018),
(27, 612026),
(29, 612010),
(29, 612013),
(29, 612019),
(29, 612020),
(30, 612011);

--17
INSERT INTO Show_Pricing (schedule_id, category, category_capacity, price) VALUES
(777002, 'Premium', 9, 300),
(777002, 'Standard', 18, 200),
(777002, 'VIP', 3, 400),
(777004, 'Premium', 15, 300),
(777004, 'Standard', 30, 200),
(777004, 'VIP', 5, 400),
(777006, 'Premium', 15, 300),
(777006, 'Standard', 30, 200),
(777006, 'VIP', 5, 400),
(777008, 'Premium', 9, 300),
(777008, 'Standard', 18, 200),
(777008, 'VIP', 3, 400),
(777010, 'Premium', 15, 300),
(777010, 'Standard', 30, 200),
(777010, 'VIP', 5, 400),
(777012, 'Premium', 9, 300),
(777012, 'Standard', 18, 200),
(777012, 'VIP', 3, 400),
(777016, 'Premium', 9, 300),
(777016, 'Standard', 18, 200),
(777016, 'VIP', 3, 400),
(777018, 'Premium', 9, 300),
(777018, 'Standard', 18, 200),
(777018, 'VIP', 3, 400),
(777020, 'Premium', 9, 300),
(777020, 'Standard', 18, 200),
(777020, 'VIP', 3, 400),
(777022, 'Premium', 15, 300),
(777022, 'Standard', 30, 200),
(777022, 'VIP', 5, 400),
(777024, 'Premium', 9, 300),
(777024, 'Standard', 18, 200),
(777024, 'VIP', 3, 400),
(777026, 'Premium', 9, 300),
(777026, 'Standard', 18, 200),
(777026, 'VIP', 3, 400),
(777028, 'Premium', 9, 300),
(777028, 'Standard', 18, 200),
(777028, 'VIP', 3, 400),
(777032, 'Premium', 9, 300),
(777032, 'Standard', 18, 200),
(777032, 'VIP', 3, 400),
(777034, 'Premium', 15, 300),
(777034, 'Standard', 30, 200),
(777034, 'VIP', 5, 400),
(777036, 'Premium', 15, 300),
(777036, 'Standard', 30, 200),
(777036, 'VIP', 5, 400),
(777038, 'Premium', 9, 300),
(777038, 'Standard', 18, 200),
(777038, 'VIP', 3, 400),
(777040, 'Premium', 15, 300),
(777040, 'Standard', 30, 200),
(777040, 'VIP', 5, 400),
(777042, 'Premium', 9, 300),
(777042, 'Standard', 18, 200),
(777042, 'VIP', 3, 400),
(777046, 'Premium', 9, 300),
(777046, 'Standard', 18, 200),
(777046, 'VIP', 3, 400),
(777048, 'Premium', 9, 300),
(777048, 'Standard', 18, 200),
(777048, 'VIP', 3, 400),
(777050, 'Premium', 9, 300),
(777050, 'Standard', 18, 200),
(777050, 'VIP', 3, 400),
(777052, 'Premium', 15, 300),
(777052, 'Standard', 30, 200),
(777052, 'VIP', 5, 400),
(777054, 'Premium', 9, 300),
(777054, 'Standard', 18, 200),
(777054, 'VIP', 3, 400),
(777056, 'Premium', 9, 300),
(777056, 'Standard', 18, 200),
(777056, 'VIP', 3, 400),
(777058, 'Premium', 9, 300),
(777058, 'Standard', 18, 200),
(777058, 'VIP', 3, 400);

--18
INSERT INTO Movie_Pricing (schedule_id, category, price) VALUES
(777001, 'Bronze', 200),
(777001, 'Gold', 400),
(777001, 'Silver', 300),
(777003, 'Bronze', 200),
(777003, 'Gold', 400),
(777003, 'Silver', 300),
(777005, 'Bronze', 200),
(777005, 'Gold', 400),
(777005, 'Silver', 300),
(777007, 'Bronze', 200),
(777007, 'Gold', 400),
(777007, 'Silver', 300),
(777009, 'Bronze', 200),
(777009, 'Gold', 400),
(777009, 'Silver', 300),
(777011, 'Bronze', 200),
(777011, 'Gold', 400),
(777011, 'Silver', 300),
(777013, 'Bronze', 200),
(777013, 'Gold', 400),
(777013, 'Silver', 300),
(777015, 'Bronze', 200),
(777015, 'Gold', 400),
(777015, 'Silver', 300),
(777017, 'Bronze', 200),
(777017, 'Gold', 400),
(777017, 'Silver', 300),
(777019, 'Bronze', 200),
(777019, 'Gold', 400),
(777019, 'Silver', 300),
(777021, 'Bronze', 200),
(777021, 'Gold', 400),
(777021, 'Silver', 300),
(777023, 'Bronze', 200),
(777023, 'Gold', 400),
(777023, 'Silver', 300),
(777025, 'Bronze', 200),
(777025, 'Gold', 400),
(777025, 'Silver', 300),
(777027, 'Bronze', 200),
(777027, 'Gold', 400),
(777027, 'Silver', 300),
(777029, 'Bronze', 200),
(777029, 'Gold', 400),
(777029, 'Silver', 300),
(777031, 'Bronze', 200),
(777031, 'Gold', 400),
(777031, 'Silver', 300),
(777033, 'Bronze', 200),
(777033, 'Gold', 400),
(777033, 'Silver', 300),
(777035, 'Bronze', 200),
(777035, 'Gold', 400),
(777035, 'Silver', 300),
(777037, 'Bronze', 200),
(777037, 'Gold', 400),
(777037, 'Silver', 300),
(777039, 'Bronze', 200),
(777039, 'Gold', 400),
(777039, 'Silver', 300),
(777041, 'Bronze', 200),
(777041, 'Gold', 400),
(777041, 'Silver', 300),
(777043, 'Bronze', 200),
(777043, 'Gold', 400),
(777043, 'Silver', 300),
(777045, 'Bronze', 200),
(777045, 'Gold', 400),
(777045, 'Silver', 300),
(777047, 'Bronze', 200),
(777047, 'Gold', 400),
(777047, 'Silver', 300),
(777049, 'Bronze', 200),
(777049, 'Gold', 400),
(777049, 'Silver', 300),
(777051, 'Bronze', 200),
(777051, 'Gold', 400),
(777051, 'Silver', 300),
(777053, 'Bronze', 200),
(777053, 'Gold', 400),
(777053, 'Silver', 300),
(777055, 'Bronze', 200),
(777055, 'Gold', 400),
(777055, 'Silver', 300),
(777057, 'Bronze', 200),
(777057, 'Gold', 400),
(777057, 'Silver', 300),
(777059, 'Bronze', 200),
(777059, 'Gold', 400),
(777059, 'Silver', 300);

--19
INSERT INTO Payment_Details (payment_id, transaction_id, payment_method, payment_status, payment_amount, payment_date) VALUES
(236001, 'TXN236001AA', 'Credit Card', 'Success', 1200.5, '2025-04-13 02:16:00.523364'),
(236002, 'TXN236002BB', 'UPI', 'Success', 530, '2025-04-13 02:16:00.523364'),
(236003, 'TXN236003CC', 'Net Banking', 'Pending', 845.75, '2025-04-13 02:16:00.523364'),
(236004, 'TXN236004DD', 'Cash', 'Failed', 0, '2025-04-13 02:16:00.523364'),
(236005, 'TXN236005EE', 'Debit Card', 'Success', 1999.99, '2025-04-13 02:16:00.523364'),
(236006, 'TXN236006FF', 'UPI', 'Success', 649, '2025-04-13 02:16:00.523364'),
(236007, 'TXN236007GG', 'Credit Card', 'Failed', 0, '2025-04-13 02:16:00.523364'),
(236008, 'TXN236008HH', 'Net Banking', 'Success', 315.25, '2025-04-13 02:16:00.523364'),
(236009, 'TXN236009II', 'Cash', 'Pending', 470, '2025-04-13 02:16:00.523364'),
(236010, 'TXN236010JJ', 'Debit Card', 'Success', 1520, '2025-04-13 02:16:00.523364'),
(236011, 'TXN236011KK', 'UPI', 'Success', 299.99, '2025-04-13 02:16:00.523364'),
(236012, 'TXN236012LL', 'Credit Card', 'Success', 450.5, '2025-04-13 02:16:00.523364'),
(236013, 'TXN236013MM', 'Net Banking', 'Pending', 987, '2025-04-13 02:16:00.523364'),
(236014, 'TXN236014NN', 'Cash', 'Failed', 0, '2025-04-13 02:16:00.523364'),
(236015, 'TXN236015OO', 'Debit Card', 'Success', 775.25, '2025-04-13 02:16:00.523364'),
(236016, 'TXN236016PP', 'UPI', 'Success', 920.1, '2025-04-13 02:16:00.523364'),
(236017, 'TXN236017QQ', 'Credit Card', 'Success', 1345, '2025-04-13 02:16:00.523364'),
(236018, 'TXN236018RR', 'Net Banking', 'Success', 250, '2025-04-13 02:16:00.523364'),
(236019, 'TXN236019SS', 'Cash', 'Failed', 0, '2025-04-13 02:16:00.523364'),
(236020, 'TXN236020TT', 'Debit Card', 'Pending', 630.3, '2025-04-13 02:16:00.523364'),
(236021, 'TXN236021UU', 'UPI', 'Success', 1120, '2025-04-13 02:16:00.523364'),
(236022, 'TXN236022VV', 'Credit Card', 'Success', 880.75, '2025-04-13 02:16:00.523364'),
(236023, 'TXN236023WW', 'Net Banking', 'Success', 700.4, '2025-04-13 02:16:00.523364'),
(236024, 'TXN236024XX', 'Cash', 'Failed', 0, '2025-04-13 02:16:00.523364'),
(236025, 'TXN236025YY', 'Debit Card', 'Success', 1105.25, '2025-04-13 02:16:00.523364'),
(236026, 'TXN236026ZZ', 'UPI', 'Pending', 560, '2025-04-13 02:16:00.523364'),
(236027, 'TXN236027AB', 'Credit Card', 'Success', 490, '2025-04-13 02:16:00.523364'),
(236028, 'TXN236028CD', 'Net Banking', 'Success', 1350.5, '2025-04-13 02:16:00.523364'),
(236029, 'TXN236029EF', 'Cash', 'Failed', 0, '2025-04-13 02:16:00.523364'),
(236030, 'TXN236030GH', 'Debit Card', 'Success', 999.99, '2025-04-13 02:16:00.523364'),
(236031, 'TXN236031AA', 'Credit Card', 'Success', 1540, '2025-04-13 02:16:00.523364'),
(236032, 'TXN236032BB', 'UPI', 'Success', 820.75, '2025-04-13 02:16:00.523364'),
(236033, 'TXN236033CC', 'Net Banking', 'Failed', 0, '2025-04-13 02:16:00.523364'),
(236034, 'TXN236034DD', 'Cash', 'Pending', 600, '2025-04-13 02:16:00.523364'),
(236035, 'TXN236035EE', 'Debit Card', 'Success', 1210.5, '2025-04-13 02:16:00.523364'),
(236036, 'TXN236036FF', 'UPI', 'Success', 460, '2025-04-13 02:16:00.523364'),
(236037, 'TXN236037GG', 'Credit Card', 'Success', 975.25, '2025-04-13 02:16:00.523364'),
(236038, 'TXN236038HH', 'Net Banking', 'Success', 1420, '2025-04-13 02:16:00.523364'),
(236039, 'TXN236039II', 'Cash', 'Failed', 0, '2025-04-13 02:16:00.523364'),
(236040, 'TXN236040JJ', 'Debit Card', 'Pending', 715, '2025-04-13 02:16:00.523364'),
(236041, 'TXN236041KK', 'UPI', 'Success', 1099.99, '2025-04-13 02:16:00.523364'),
(236042, 'TXN236042LL', 'Credit Card', 'Success', 540, '2025-04-13 02:16:00.523364'),
(236043, 'TXN236043MM', 'Net Banking', 'Success', 870.1, '2025-04-13 02:16:00.523364'),
(236044, 'TXN236044NN', 'Cash', 'Failed', 0, '2025-04-13 02:16:00.523364'),
(236045, 'TXN236045OO', 'Debit Card', 'Success', 1990.75, '2025-04-13 02:16:00.523364'),
(236046, 'TXN236046PP', 'UPI', 'Success', 640, '2025-04-13 02:16:00.523364'),
(236047, 'TXN236047QQ', 'Credit Card', 'Success', 330.25, '2025-04-13 02:16:00.523364'),
(236048, 'TXN236048RR', 'Net Banking', 'Pending', 455.5, '2025-04-13 02:16:00.523364'),
(236049, 'TXN236049SS', 'Cash', 'Failed', 0, '2025-04-13 02:16:00.523364'),
(236050, 'TXN236050TT', 'Debit Card', 'Success', 805, '2025-04-13 02:16:00.523364'),
(236051, 'TXN236051UU', 'UPI', 'Success', 299.99, '2025-04-13 02:16:00.523364'),
(236052, 'TXN236052VV', 'Credit Card', 'Success', 950, '2025-04-13 02:16:00.523364'),
(236053, 'TXN236053WW', 'Net Banking', 'Success', 1280.3, '2025-04-13 02:16:00.523364'),
(236054, 'TXN236054XX', 'Cash', 'Pending', 580, '2025-04-13 02:16:00.523364'),
(236055, 'TXN236055YY', 'Debit Card', 'Failed', 0, '2025-04-13 02:16:00.523364'),
(236056, 'TXN236056ZZ', 'UPI', 'Success', 720, '2025-04-13 02:16:00.523364'),
(236057, 'TXN236057AB', 'Credit Card', 'Success', 310, '2025-04-13 02:16:00.523364'),
(236058, 'TXN236058CD', 'Net Banking', 'Success', 640, '2025-04-13 02:16:00.523364'),
(236059, 'TXN236059EF', 'Cash', 'Failed', 0, '2025-04-13 02:16:00.523364'),
(236060, 'TXN236060GH', 'Debit Card', 'Success', 1130, '2025-04-13 02:16:00.523364'),
(236061, 'TXN236061IJ', 'Credit Card', 'Success', 880, '2025-04-13 02:16:00.523364'),
(236062, 'TXN236062KL', 'UPI', 'Success', 540.5, '2025-04-13 02:16:00.523364'),
(236063, 'TXN236063MN', 'Net Banking', 'Failed', 0, '2025-04-13 02:16:00.523364'),
(236064, 'TXN236064OP', 'Cash', 'Pending', 450, '2025-04-13 02:16:00.523364'),
(236065, 'TXN236065QR', 'Debit Card', 'Success', 1120.75, '2025-04-13 02:16:00.523364'),
(236066, 'TXN236066ST', 'UPI', 'Success', 635, '2025-04-13 02:16:00.523364'),
(236067, 'TXN236067UV', 'Credit Card', 'Success', 790.25, '2025-04-13 02:16:00.523364'),
(236068, 'TXN236068WX', 'Net Banking', 'Success', 990, '2025-04-13 02:16:00.523364'),
(236069, 'TXN236069YZ', 'Cash', 'Failed', 0, '2025-04-13 02:16:00.523364'),
(236070, 'TXN236070ZA', 'Debit Card', 'Pending', 650, '2025-04-13 02:16:00.523364'),
(236071, 'TXN236071BC', 'UPI', 'Success', 1200, '2025-04-13 02:16:00.523364'),
(236072, 'TXN236072DE', 'Credit Card', 'Success', 505, '2025-04-13 02:16:00.523364'),
(236073, 'TXN236073FG', 'Net Banking', 'Success', 845.25, '2025-04-13 02:16:00.523364'),
(236074, 'TXN236074HI', 'Cash', 'Failed', 0, '2025-04-13 02:16:00.523364'),
(236075, 'TXN236075JK', 'Debit Card', 'Success', 1500.1, '2025-04-13 02:16:00.523364'),
(236076, 'TXN236076LM', 'UPI', 'Success', 375, '2025-04-13 02:16:00.523364'),
(236077, 'TXN236077NO', 'Credit Card', 'Success', 455.25, '2025-04-13 02:16:00.523364'),
(236078, 'TXN236078PQ', 'Net Banking', 'Pending', 670, '2025-04-13 02:16:00.523364'),
(236079, 'TXN236079RS', 'Cash', 'Failed', 0, '2025-04-13 02:16:00.523364'),
(236080, 'TXN236080TU', 'Debit Card', 'Success', 945, '2025-04-13 02:16:00.523364'),
(236081, 'TXN236081VW', 'UPI', 'Success', 330, '2025-04-13 02:16:00.523364'),
(236082, 'TXN236082XY', 'Credit Card', 'Success', 865, '2025-04-13 02:16:00.523364'),
(236083, 'TXN236083ZA', 'Net Banking', 'Success', 1180, '2025-04-13 02:16:00.523364'),
(236084, 'TXN236084AB', 'Cash', 'Pending', 720, '2025-04-13 02:16:00.523364'),
(236085, 'TXN236085CD', 'Debit Card', 'Failed', 0, '2025-04-13 02:16:00.523364'),
(236086, 'TXN236086EF', 'UPI', 'Success', 660, '2025-04-13 02:16:00.523364'),
(236087, 'TXN236087GH', 'Credit Card', 'Success', 510, '2025-04-13 02:16:00.523364'),
(236088, 'TXN236088IJ', 'Net Banking', 'Success', 975, '2025-04-13 02:16:00.523364'),
(236089, 'TXN236089KL', 'Cash', 'Failed', 0, '2025-04-13 02:16:00.523364'),
(236090, 'TXN236090MN', 'Debit Card', 'Success', 1030, '2025-04-13 02:16:00.523364');

--20
INSERT INTO Booking (booking_id, schedule_id, account_id, payment_id, review, booking_time, booking_type) VALUES
(533001, 777001, 1, 236061, 'Great experience!', '2025-04-13 02:37:57.57512', 'movie'),
(533002, 777001, 2, 236062, 'Excellent movie, enjoyed a lot!', '2025-04-13 02:37:57.57512', 'movie'),
(533003, 777003, 3, 236063, 'The show was okay, could be better.', '2025-04-12 01:37:48.75321', 'show'),
(533004, 777003, 4, 236064, 'Really enjoyed the show.', '2025-04-12 01:47:57.57512', 'show'),
(533005, 777009, 5, 236065, 'Nice movie, good quality.', '2025-04-13 02:37:57.57512', 'movie'),
(533006, 777003, 6, 236066, 'Amazing show, would recommend!', '2025-04-13 02:37:57.57512', 'show'),
(533007, 777013, 7, 236067, 'The show was a bit slow at times.', '2025-03-31 23:38:47.46712', 'show'),
(533008, 777010, 8, 236068, 'The movie was fantastic!', '2025-04-13 02:37:57.57512', 'movie'),
(533009, 777016, 9, 236069, 'Not great, expected more action.', '2025-04-09 12:27:37.37672', 'movie'),
(533010, 777007, 10, 236070, 'Loved the experience, will visit again!', '2025-04-13 02:37:57.57512', 'show'),
(533011, 777021, 11, 236071, 'Had a great time watching this movie.', '2025-04-13 02:37:57.57512', 'movie'),
(533012, 777023, 12, 236072, 'The show was fun and engaging!', '2025-04-13 02:37:57.57512', 'show'),
(533013, 777019, 13, 236073, 'The movie was too long, but good overall.', '2025-04-13 02:37:57.57512', 'movie'),
(533014, 777024, 14, 236074, 'Nice show, good story.', '2025-04-13 02:37:57.57512', 'show'),
(533015, 777026, 15, 236075, 'Amazing cinematography in the movie.', '2025-04-13 02:37:57.57512', 'movie'),
(533016, 777031, 16, 236076, 'Good show, a bit too predictable.', '2025-04-13 02:37:57.57512', 'show'),
(533017, 777033, 17, 236077, 'Wonderful show, loved the performance!', '2025-04-13 02:37:57.57512', 'show'),
(533018, 777034, 18, 236078, 'The movie had a great plot!', '2025-04-13 02:37:57.57512', 'movie'),
(533019, 777033, 19, 236079, 'Good show, but could have been more entertaining.', '2025-04-13 02:37:57.57512', 'show'),
(533020, 777034, 20, 236080, 'The movie was decent, but a little slow.', '2025-04-13 02:37:57.57512', 'movie'),
(533021, 777037, 21, 236081, 'Fantastic show, great Experience!', '2025-04-13 02:37:57.57512', 'show'),
(533022, 777036, 22, 236082, 'Enjoyed the movie, but not as much as expected.', '2025-04-13 02:37:57.57512', 'movie'),
(533023, 777045, 23, 236083, 'Very good experience, highly recommend the show.', '2025-04-13 02:37:57.57512', 'show'),
(533024, 777036, 24, 236084, 'Loved the plot of the movie!', '2025-04-13 02:37:57.57512', 'movie'),
(533025, 777048, 25, 236085, 'The show had a great theme but execution was weak.', '2025-04-13 02:37:57.57512', 'show'),
(533026, 777051, 26, 236086, 'Great movie with amazing direction!', '2025-04-13 02:37:57.57512', 'movie'),
(533027, 777053, 27, 236087, 'A good show, though the pacing was slow.', '2025-04-13 02:37:57.57512', 'show'),
(533028, 777051, 28, 236088, 'Nice movie, a bit of a cliché though.', '2025-04-13 02:37:57.57512', 'movie'),
(533029, 777053, 29, 236089, 'The show was okay, some parts felt repetitive.', '2025-04-13 02:37:57.57512', 'show'),
(533030, 777056, 30, 236090, 'Loved the special effects in the movie!', '2025-04-13 02:37:57.57512', 'movie');

--21
INSERT INTO Booking_Show (
    booking_id, category, seat_count
) VALUES
(533003, 'Gold', 1),
(533004, 'Silver', 2),
(533006, 'Bronze', 3),
(533007, 'Gold', 4),
(533010, 'Silver', 5),
(533012, 'Bronze', 1),
(533014, 'Gold', 2),
(533016, 'Silver', 3),
(533017, 'Bronze', 4),
(533019, 'Gold', 5),
(533021, 'Silver', 1),
(533023, 'Bronze', 2),
(533025, 'Gold', 3),
(533027, 'Silver', 4),
(533029, 'Bronze', 5),
(533031, 'Gold', 1),
(533033, 'Silver', 2),
(533035, 'Bronze', 3),
(533037, 'Gold', 4),
(533039, 'Silver', 5),
(533041, 'Bronze', 1),
(533043, 'Gold', 2),
(533045, 'Silver', 3),
(533047, 'Bronze', 4),
(533049, 'Gold', 5),
(533051, 'Silver', 1),
(533053, 'Bronze', 2),
(533055, 'Gold', 3),
(533057, 'Silver', 4),
(533059, 'Bronze', 5);

--22
INSERT INTO Booking_Movie (
    booking_id, seat_number, category
) VALUES
(533001, 'A1', 'Gold'),
(533002, 'A2', 'Silver'),
(533005, 'A3', 'Bronze'),
(533008, 'A4', 'Gold'),
(533009, 'A5', 'Silver'),
(533011, 'B1', 'Bronze'),
(533013, 'B2', 'Gold'),
(533015, 'B3', 'Silver'),
(533018, 'B4', 'Bronze'),
(533020, 'B5', 'Gold'),
(533022, 'C1', 'Silver'),
(533024, 'C2', 'Bronze'),
(533026, 'C3', 'Gold'),
(533028, 'C4', 'Silver'),
(533030, 'C5', 'Bronze'),
(533032, 'D1', 'Gold'),
(533034, 'D2', 'Silver'),
(533036, 'D3', 'Bronze'),
(533038, 'D4', 'Gold'),
(533040, 'D5', 'Silver'),
(533042, 'E1', 'Bronze'),
(533044, 'E2', 'Gold'),
(533046, 'E3', 'Silver'),
(533048, 'E4', 'Bronze'),
(533050, 'E5', 'Gold'),
(533052, 'F1', 'Silver'),
(533054, 'F2', 'Bronze'),
(533056, 'F3', 'Gold'),
(533058, 'F4', 'Silver'),
(533060, 'F5', 'Bronze');